:020000040800F2
:1000000000070020F1020008CDB3000885B3000806
:10001000ADB3000885B30008A5B30008F3020008DB
:10002000F3020008F3020008F3020008C9DB00082D
:10003000F3020008F3020008F3020008F3020008CC
:10004000F3020008F3020008F3020008F3020008BC
:10005000F3020008F3020008851D0108B11D010824
:10006000DD1D0108091E0108351E010841E10008D7
:1000700069E1000895E10008C1E10008EDE1000830
:1000800015E2000841E20008F302000839B2000856
:1000900061B200084DB2000875B20008611E010887
:1000A000F3020008F3020008F3020008F30200085C
:1000B000F3020008F3020008F3020008F30200084C
:1000C000F3020008F3020008F3020008F30200083C
:1000D000F3020008F3020008F3020008F30200082C
:1000E000C51E0108F3020008F3020008F30200082D
:1000F000F3020008F3020008F30200086DE20008B2
:10010000F3020008F3020008391F0108F302000897
:10011000F3020008F3020008F3020008F3020008EB
:1001200099E20008C1E20008EDE2000819E30008C6
:1001300045E3000821E60008F3020008F302000886
:10014000F3020008F3020008F3020008F3020008BB
:100150006DE3000899E30008C5E30008F302000816
:10016000F3020008F3020008F3020008F30200089B
:10017000F3020008D5110108F3020008F302000899
:10018000F3020008F3020008F3020008F30200087B
:10019000F3020008F3020008F3020008F30200086B
:1001A000F3020008F3020008F3020008F30200085B
:1001B000F3020008F3020008F3020008F30200084B
:1001C000F3020008F3020008F3020008F30200083B
:1001D000F3020008C1110108F3020008F30200084D
:1001E000F3020008F3020008F3020008F30200081B
:1001F000F3020008F3020008F3020008F30200080B
:10020000F3020008F3020008F3020008F3020008FA
:10021000F3020008F3020008F3020008F3020008EA
:10022000F3020008F3020008F3020008F3020008DA
:10023000F3020008F3020008F3020008F3020008CA
:10024000F3020008F3020008F3020008F3020008BA
:10025000F3020008F3020008F3020008F3020008AA
:10026000F3020008F3020008F3020008F30200089A
:10027000F3020008F3020008F3020008F30200088A
:10028000F3020008F3020008F3020008F30200087A
:10029000F3020008F3020008F3020008F30200086A
:1002A000F3020008F3020008F3020008F30200085A
:1002B000F3020008F3020008F3020008F30200084A
:1002C000F3020008F3020008F3020008F30200083A
:1002D000F3020008F3020008F3020008F30200082A
:1002E000A1050008BD18000881A100080000000059
:1002F00002E000F000F8FEE772B6374880F30888A5
:10030000364880F3098836483649086040F20000D4
:10031000CCF200004EF63471CEF200010860BFF35B
:100320004F8FBFF36F8F40F20000C0F2F0004EF627
:100330008851CEF200010860BFF34F8FBFF36F8F7B
:100340004FF00000E1EE100A4EF63C71CEF20001D3
:100350000860062080F31488BFF36F8F10F0B0F9A7
:1003600011F0E0FA4FF055301F491B4A91423CBF53
:1003700041F8040BFAE71D49184A91423CBF41F885
:10038000040BFAE71A491B4A1B4B9A423EBF51F82D
:10039000040B42F8040BF8E700201849184A914270
:1003A0003CBF41F8040BFAE710F0C8F911F03CFB30
:1003B000144C154DAC4203DA54F8041B8847F9E796
:1003C00000F094F8114C124DAC4203DA54F8041BBF
:1003D0008847F9E710F0B0B900070020002300209B
:1003E0000000000808ED00E00001002000070020E8
:1003F0009063010800230020E4230020E82300206C
:100400004C8D0020E0020008EC020008EC0200081D
:10041000EC0200082DE9F04F2DED108AC1F80CD048
:10042000D0F80CD0BDEC108ABDE8F08F002383F328
:1004300011882846A04700200FF020FBFEE70FF0B0
:10044000E9F900DFFEE7000001F0FF01102A2BDBD5
:1004500010F0070F08D010F8013B013A8B422DD065
:1004600010F0070F42B3F6D1F0B441EA012141EA9E
:10047000014122F007047FF000070023F0E8025654
:10048000083C85EA010586EA010685FA47F5A3FAE4
:1004900087F586FA47F6A5FA87F68EB9EED1F0BC55
:1004A00001F0FF0102F0070232B110F8013B013AFE
:1004B00083EA010313B1F8D1002070470138704777
:1004C000002D06BF35460338073815F0010F07D158
:1004D000013015F4807F02BF013015F4C03F0130B8
:1004E000F0BC0138704700BF70470000F8B501F05C
:1004F00053FE01F0F7FF264801F04EFC10F064F8BF
:10050000074610F0D3F80546C0BB224B9F4235D0BA
:1005100001339F4235D027F0FF021F4B9A4233D15F
:100520002E4642F21074F8B200F0D2FF00F0D6FF6F
:1005300008B10024264602F0A9FA20B100240320C5
:1005400000F096F8264635B1144B9F4203D00024A4
:1005500010F0A4F82646002010F040F80EB100F08C
:100560009DF801F093FF00F0EDFF094801F0EEFB6C
:10057000204600F045F900F091F8F9E72E460024F6
:10058000D4E704460126D1E7064641F28834CDE798
:10059000E8230020010007B0000008B0263A09B0A7
:1005A00010B5084C04F108000AF0D2FE04F1340042
:1005B0000AF0CEFE2046044A0449BDE8104011F07E
:1005C00009BD00BFE8230020906B0020E90400086B
:1005D00008B501F0B3FDA0F120035842584108BD11
:1005E00007B541F21203022101A8ADF8043001F071
:1005F000C3FD03B05DF804FB38B5302383F31188E5
:10060000174803680BB10FF005FB0023154A4FF4A0
:100610007A7113480FF0F4FA002383F31188124C17
:10062000236813B12368013B2360636813B16368D7
:10063000013B63600D4D2B7833B963687BB90220B1
:1006400001F07AFE322363602B78032B07D16368B5
:100650002BB9022001F070FE4FF47A73636038BD4D
:1006600034250020F9050008542600204C250020E0
:10067000084B187003280CD8DFE800F008050208C2
:10068000022001F049BE022001F036BE024B0022DA
:100690005A6070474C25002054260020F8B502F01F
:1006A000F5F930B14D4B03221A7000224C4B5A60C1
:1006B000F8BD4C4B4C4A1C4619680131F8D0043344
:1006C0009342F9D16268494B9A42F1D9484B9B68F1
:1006D00003F1006303F500339A42E9D20FF0B2FF51
:1006E0000FF0C4FF002001F07DFD0220FFF7C0FFE6
:1006F000404B00219A6C99641A6F19671A6FDA6C73
:10070000D9645A6F59675A6F1A6D19659A6F99674C
:100710009B6F394BD3F8802042F00062C3F88020F1
:10072000D3F8802022F00062C3F88020D3F8802024
:10073000D3F8802042F00072C3F88020D3F88020E4
:1007400022F00072C3F88020D3F8803072B64FF0E8
:10075000E023C3F8084DD4E90004BFF34F8FBFF383
:100760006F8F264AC2F88410BFF34F8F536923F46A
:1007700080335361BFF34F8FD2F8803043F6E07679
:10078000C3F3C905C3F34E335B0103EA060C2946E4
:100790004CEA81770139C2F87472F9D2203B13F127
:1007A000200FF2D1BFF34F8FBFF36F8FBFF34F8F87
:1007B000BFF36F8F536923F4003353610023C2F8F2
:1007C0005032BFF34F8FBFF36F8F302383F3118805
:1007D000854680F3088820476AE700BF4C25002043
:1007E000542600200000020820000208FFFF010834
:1007F00000230020004502580044025800ED00E0AC
:100800002DE9F04F93B0B74B2022FF2100900AA8AA
:100810009D6801F0E5FDB44A1378A3B90121B348FE
:1008200011700360302383F3118803680BB10FF05C
:10083000F1F90023AE4A4FF47A71AC480FF0E0F9B9
:10084000002383F31188009B13B1AA4B009A1A600E
:10085000A94A1378032B03D000231370A54A5360D1
:100860004FF0000A009CD3465646D146012001F0C5
:1008700053FD24B19F4B1B68002B00F02C820020FD
:1008800001F05CFC0390039B002B01DA00F0AEFE4C
:10089000039B002BEDDB012001F02EFD039B213B90
:1008A0001F2BE3D801A252F823F000BF2D09000846
:1008B00055090008E90900086D0800086D080008DE
:1008C0006D0800087B0A00084B0C0008650B000847
:1008D000C70B0008EF0B0008150C00086D08000896
:1008E000270C00086D080008990C0008CD090008C5
:1008F0006D080008DD0C000839090008CD09000862
:100900006D080008C70B00086D0800086D08000896
:100910006D0800086D0800086D0800086D080008E3
:100920006D0800086D080008E90900080220FFF7BB
:100930004FFE002840F0F981009B022105A8BAF182
:10094000000F08BF1C4641F21233ADF8143001F01D
:1009500013FC8BE74FF47A7001F0F0FB071EEBDB22
:100960000220FFF735FE0028E6D0013F052F00F2F8
:10097000DE81DFE807F0030A0D101336052304219A
:1009800005A8059301F0F8FB17E004215548F9E7A5
:1009900004215A48F6E704215948F3E74FF01C08B0
:1009A000404608F1040801F01FFC0421059005A849
:1009B00001F0E2FBB8F12C0FF2D101204FF0000959
:1009C00000FA07F747EA0B0B5FFA8BFB01F054FDC7
:1009D00026B10BF00B030B2B08BF0024FFF700FE22
:1009E00044E704214748CDE7002EA5D00BF00B03C8
:1009F0000B2BA1D10220FFF7EBFD074600289BD06F
:100A00000120002601F0EEFB0220FFF731FE1FFA65
:100A100086F8404601F0F6FB0446B0B10399404623
:100A20000136A1F140025142514101F003FC00287E
:100A3000EDD1BA46044641F21213022105A83E4602
:100A4000ADF8143001F098FB10E725460120FFF7C0
:100A50000FFE244B9B68AB4207D9284601F0C4FB2C
:100A6000013040F067810435F3E70025224BBA4698
:100A70003E461D701F4B5D60A8E7002E3FF45CAF43
:100A80000BF00B030B2B7FF457AF0220FFF7F0FDA9
:100A9000322001F053FBB0F10008FFF64DAF18F023
:100AA00003077FF449AF0F4A08EB050392689342AE
:100AB0003FF642AFB8F5807F3FF73EAF124BB845E7
:100AC000019323DD4FF47A7001F038FB0390039A11
:100AD000002AFFF631AF039A0137019B03F8012B7F
:100AE000EDE700BF00230020502600203425002021
:100AF000F9050008542600204C250020042300207E
:100B0000082300200C23002050250020C820FFF7D8
:100B10005FFD074600283FF40FAF1F2D11D8C5F128
:100B200020020AAB25F0030084494245184428BF3F
:100B30004246019201F022FC019AFF217F4801F018
:100B40004FFC4FEAA803C8F387027C49284601936B
:100B500001F04EFC064600283FF46DAF019B05EB0B
:100B6000830533E70220FFF733FD00283FF4E4AEAE
:100B700001F072FB00283FF4DFAE0027B846704B4F
:100B80009B68BB4218D91F2F11D80A9B01330ED086
:100B900027F0030312AA134453F8203C0593404660
:100BA000042205A9043701F05BFF8046E7E73846D9
:100BB00001F01AFB0590F2E7CDF81480042105A896
:100BC00001F0DAFA02E70023642104A8049301F09B
:100BD000C9FA00287FF4B0AE0220FFF7F9FC002824
:100BE0003FF4AAAE049801F02DFB0590E6E7002340
:100BF000642104A8049301F0B5FA00287FF49CAEA8
:100C00000220FFF7E5FC00283FF496AE049801F0BF
:100C10001BFBEAE70220FFF7DBFC00283FF48CAE69
:100C200001F02AFBE1E70220FFF7D2FC00283FF4A5
:100C300083AE05A9142001F025FB0746042104908A
:100C400004A801F099FA3946B9E7322001F076FAA2
:100C5000071EFFF671AEBB077FF46EAE384A07EB96
:100C60000903926893423FF667AE0220FFF7B0FC9B
:100C700000283FF461AE27F003074F44B9453FF425
:100C8000A5AE484609F1040901F0AEFA0421059029
:100C900005A801F071FAF1E74FF47A70FFF798FCBC
:100CA00000283FF449AE01F0D7FA002844D00A9B4F
:100CB00001330BD008220AA9002001F099FB00287B
:100CC0003AD02022FF210AA801F08AFBFFF788FC16
:100CD0001C480EF0D9FE13B0BDE8F08F002E3FF493
:100CE0002BAE0BF00B030B2B7FF426AE00236421FD
:100CF00005A8059301F036FA074600287FF41CAEDC
:100D00000220FFF765FC804600283FF415AEFFF790
:100D100067FC41F288300EF0B7FE059801F0E0FB69
:100D200046463C4601F0A8FBA0E506464EE64FF0DD
:100D3000000901E6BA467EE637467CE650250020EB
:100D400000230020A0860100094A49F269001368C7
:100D500099B21B0C00FB013344F250611360054B48
:100D6000186882B2000C01FB0200186080B2704764
:100D700014230020102300207047000000211022BF
:100D800010B5044601F02CFB034B03CB20606160DF
:100D90001868A06010BD00BF00E8F11F2DE9F04108
:100DA000ADF54C7D0D46002140F275126AAC074648
:100DB0000CA80B9101F014FB4FF4C47200212046E3
:100DC00001F00EFB0DF12C080AF00EFB4FF47A72C5
:100DD000264BB0FBF2F0186093E80700022384E88A
:100DE00007000DF5E5702382FFF7C8FF43F20553B6
:100DF0001F4907A8238411F0F1F90D230DF2DB221E
:100E00000DF1240C84F8323107AB1E46083203CEB4
:100E1000664542F8080C42F8041C3346F5D13068A8
:100E200041461060204633791371012201F0B0FB76
:100E3000002380B2E97E0393AB7E029305F1190390
:100E400001930123009307A3D3E90023CDE9048094
:100E500038460CF089FA0DF54C7DBDE8F08100BFF5
:100E6000AFF300809E6AC421818A46EE5C26002092
:100E7000043201082DE9F0412C4CDAB080460D46D1
:100E8000237A5BBB27A9284601F0F6FC0746002819
:100E900042D19DF89D60C82E3ED801464FF4A6620F
:100EA000204601F09DFA4FF4807332460DF19E0109
:100EB000C4F8F8314FF4007304F109002644C4F873
:100EC0000C334FF44073C4F8203401F057FA9DF806
:100ED0009C30777223720BB9EB7E237206AC8122B1
:100EE000002127A801F07CFA0122214627A801F061
:100EF00009FD002380B2E97E0393AB7E029305F1E6
:100F0000190301932823CDE904400093404605A32B
:100F1000D3E900230CF028FA5AB0BDE8F08100BFF5
:100F2000AFF3008026417272DF25D7B74060002002
:100F3000F0B5254E4FF48A75F1B0002405FB00652D
:100F400096F8D830D822214685F8DC303AA885F8C2
:100F5000E84006AF01F044FA06F1090001F038FA62
:100F6000D5F8E430C2B206F109018DF8F0000DF1B8
:100F7000F100CDE93A3401F001FA394601223AA8EC
:100F800001F0F6FC082380B2317ACDE90470012724
:100F90000E48CDE9023706F1D803019330230093C0
:100FA00007A3D3E900230CF0DFF9A04206DD0AF025
:100FB0001BFAC5F8E000384671B0F0BD2046FBE7EB
:100FC00078F6339F93CACD8D4060002074360020A0
:100FD0002DE9F04F264F87B0DFF8A080254E384628
:100FE0000CF0EEF9034600283AD00024224DADF86B
:100FF0001440A1460294A246CDE90344027B8DF839
:10100000142003AA9968406803C21B6843F0004398
:1010100002932B6804F5A664D3F810B00AF0E6F941
:1010200010EB0802CDF800A0284605F5A65541F1C1
:10103000000302A9D8470028C8BF49F00109B4F548
:10104000266FE6D1B9F1000F05D038460CF0BCF997
:1010500086F800A0C3E73378072B04D80133337038
:1010600007B0BDE8F08F02480CF0AEF9F8E700BF1A
:101070007436002079650020A836002040420F0019
:1010800070B50D4614461E460CF0CAF850B9022E33
:1010900010D1012C0ED112A3D3E900230120C5E900
:1010A000002307E0282C10D005D8012C09D0052CEE
:1010B0000FD0002070BD302CFBD10BA3D3E900234F
:1010C000ECE70BA3D3E90023E8E70BA3D3E9002364
:1010D000E4E70BA3D3E90023E0E700BFAFF3008010
:1010E000401DA12026812A0B78F6339F93CACD8D0F
:1010F0009E6AC421818A46EE26417272DF25D7B7E7
:10110000F017304A39059E5638B505460E4C002179
:10111000013501F08FF8A4F82C55B4F82C0501F036
:1011200071F878B1B4F82C0501F07CF8014648B9A3
:10113000B4F82C0501F07EF8B4F82C350133A4F88E
:101140002C35EAE738BD00BF40600020F0B589B01B
:1011500005460C4616460D4940F2872207A81F4651
:1011600001F012FDBDF83C302A46009604930E9B18
:10117000074803931823CDE9017323460CF096F832
:1011800007A801F00BFD09B0F0BD00BF28600020EA
:1011900074360020F8B50D4C02260D4FA4F580538F
:1011A00043F8307C237E3BB965692DB1284601F0B8
:1011B000FDFC284610F014FF2046A4F5A65401F0CB
:1011C000F5FC012E00D1F8BD0126E7E7985B002071
:1011D000DC5401082DE9F04F8FB005460C4600AFF6
:1011E0000CF01EF8002849D1237E022B1BD1E38A84
:1011F000012B18D10AF0F8F80646FFF7A5FD0346C3
:101200004FF4C87006F51676DFF8C082B3FBF0F233
:1012100002FB103316FA83F3C8F80030E37E33B9CB
:10122000A34B00221A703C37BD46BDE8F08F07F192
:101230002401204601F0D4FA0028F4D107F114006B
:10124000FFF79CFD97F8264007F1140107F12700EE
:10125000224610F001FF0028E2D10F2C08D8944B51
:101260001C70D8F80030A3F51673C8F80030DAE720
:1012700097F8241028460BF0CBFFD4E7E38A282BFD
:101280002BD010D8012B23D0052BCCD1BFF34F8FFF
:101290008849894BCA6802F4E0621343CB60BFF30C
:1012A0004F8F00BFFDE7302BBDD1844EE17E327AF7
:1012B0009142B8D1607E3146002291F8DC508542DF
:1012C00000F0A580013201F58A71042AF5D1AAE760
:1012D00021462846FFF762FDA5E721462846FFF78D
:1012E000C9FDA0E7B2F8EC507B6005F103094FEAB5
:1012F00099094FEA8902D11DC908A8EBC103002151
:101300009D46EB46584601F06BF804F1EE012A4683
:101310005846314401F032F87B6813B9012000F0DF
:1013200061FF96F8D20000F06DFF044630B93072CC
:1013300000F092FF204600F055FFB1E0D6F8D4202F
:101340003AB996F8D200B6F82C25824201D8FFF7B8
:10135000DBFED6F8D4202A44944208D296F8D20074
:10136000B6F82C250130824201D8FFF7CDFE5FFA96
:1013700089F25946706801F03BF808B9C54679E032
:10138000726896F8D2002A447260D6F8D42005EB31
:101390000209C6F8D49000F035FF814509D396F8CC
:1013A000D220D6F8D4000132001B86F8D220C6F82D
:1013B000D400FF2D0FD80024347200F04DFF2046DA
:1013C00000F010FF01F062FB3D4B188108B9FFF7F8
:1013D00065F9C54627E7BB6896F8D9000AFB0362A2
:1013E000FB68D2F8E41082F8E83001F58061C2F8B9
:1013F000E030C2F8E410FFF79BFDFFF7E9FD96F837
:10140000D920013202F0030286F8D920B6E74FF462
:101410008A7A20460AFB02F505F1EA01314401F01F
:10142000D9FAF86000287FF4FEAE0122354485F831
:10143000E82009F0D9FFD5F8E020D6ED007A801A2F
:1014400040F6B832B8EE677ADFED1E6A192838BF69
:101450001920904228BF104607EE900AF8EEE77A6E
:1014600067EEA67ADFED186AE7EE267AFCEEE77AF9
:10147000C6ED007A96F8D930BB60BA6873680AFB8B
:1014800002F4321992F8E81059B1D2F8E410E846A3
:101490008B423FF427AF002182F8E810C2F8E01039
:1014A000C5467368064A9B0A01331381BBE600BF39
:1014B0006D36002000ED00E00400FA0540600020D9
:1014C0005C260020CDCCCC3D6666663F70360020A1
:1014D000014B1870704700BF6826002038B54FF0E8
:1014E0000054144B22689A4221D1627D0025124B90
:1014F00012481A70C922237D0930114900F8013CB5
:101500004FF48073C0F8DB50C0F8EF314FF4007334
:10151000C0F803334FF44073C0F8173400F02EFFC7
:10152000E0222946204600F05BFF012038BD002064
:10153000FCE700BF9AAD44C568260020406000204B
:101540001600002037B501F0A1FA1F4C1F4D0223F1
:1015500001221F496B712368288120465B689847E8
:1015600004F5805301221A49D3F8C03404F5A6507B
:101570005B689847002317494FF480520193164B3C
:1015800016480093164B0BF01BFE164B197811B141
:1015900012480BF03DFE09F027FF0446FFF7D4FB8D
:1015A0004FF4C873B0FBF3F202FB130304F516709B
:1015B00010FA83F00C4B18600FF078F808B10F2385
:1015C0002B8103B030BD00BFA83600205C26002070
:1015D00040420F006C260020811000087436002065
:1015E000D511000868260020703600202DE9F04F44
:1015F00000242DED028B8FB00DF11C08DFF8309226
:10160000FFF7E6FC0694ADF824400794C8F80440C0
:101610009FED788B00267D4DDFF8F4B1374601232E
:101620000DF10D0203A928468DF80C302B688DF8BA
:101630000D408DED008BD3F808A00023D0479DF816
:101640000CA0BAF1000F24D0D9F8143010220021D8
:101650000AA883F48043C9F8143000F0C1FE2B6857
:1016600004AA06A95F6928460DF10E03B8470BAB23
:10167000574698E8030083E803009DF824300AA940
:1016800058468DF83430069B0A93DDE904230CF0AC
:1016900079F806F5A66605F5A655B6F5266FBED10E
:1016A000002FB7D15A480BF0BBFD00283AD1594E54
:1016B00009F09AFE3368984234D309F095FE054646
:1016C000FFF742FB4FF4C8738DF81870B0FBF3F2CC
:1016D00002FB130305F5167010FA83F030604E4ECE
:1016E000377817B901238DF81830C7F110050AA80B
:1016F000FFF744FB0AABEDB20DF11900D919062D25
:1017000028BF06252A46013500F038FE06ABEDB2AB
:10171000012200930195414B38A1D1E90001FFF767
:1017200015FD347009F060FE3D4A3E4D1368C31A42
:10173000B3F57A7F2AD3106009F058FE02460B46B3
:1017400033480BF04BFE32480BF06AFDF0B12B7AB8
:101750000AAF354E002B14BF03230223737109F027
:1017600043FE4FF47A7301223946B0FBF3F0306048
:10177000304600F0BBFF2D4B80B240F25512CDE950
:10178000007020A1D1E90001FFF7E0FC2B7A93B1B2
:1017900009F02AFE002607464FF48A7895F8D9000A
:1017A000304400F0030008FB005393F8E82072B1C6
:1017B0000136042EF2D1C8200EF066F92B7A002BE8
:1017C0007FF41AAF0FB0BDEC028BBDE8F08FD3F8F9
:1017D000E02042B12B68BA1AFA2B38BFFA2305333E
:1017E000B2EB430FE4D3FFF7A3FB0028E0D1E2E71D
:1017F000AFF300800000000000000000401DA120A9
:1018000026812A0BF1C6A7C1D068080FA836002090
:1018100074360020703600206D3600206C360020B3
:1018200074650020406000205C2600207865002060
:10183000000C02580FB430B5C3B07C22002146AC76
:1018400023A854F8045B00F0CBFD0021772205A803
:10185000049100F0C5FD23462A465A210DF1AE0041
:10186000039409F08DFD5A2804AC4FF0010228BF03
:101870005A2021468DF8AD0023A800F05FFF0B4BE6
:1018800080B243F6FF72CDE9004006A1D1E9000124
:10189000FFF75CFC43B0BDE8304004B0704700BFC8
:1018A000AFF30080759D040C8EA454D670650020A3
:1018B00010B5044610F094FB204610BD10B50C4C3A
:1018C000204608F0D1FF04F5A6500A4C08F0CCFFE2
:1018D000094A0020094910F07DFB204609F038FD37
:1018E0002046054A0649BDE8104010F073BB00BF12
:1018F000A836002028600020906B00209511000879
:10190000790D000870470000064A00230261064A6C
:101910000362426140F2DC528284044AC262184689
:10192000704700BF8D7D000855190008060A6D73C9
:101930001FB50368186801F067FC1022694601F0C2
:1019400075FB01460248FFF775FF05B05DF804FB23
:10195000143201081FB50C464CF2503201A90A4856
:101960000DF036F968B934B1628901A861680DF0EB
:10197000B3F82468F7E701A80DF004F8204604B096
:1019800010BD6FF00200FAE7346C002030B585B06E
:101990000D4600220E4801A90DF032F9A8B94FF406
:1019A000C172BDF8081001F007FF0446286034B189
:1019B000628901A861680DF0A5F82468F7E701A81D
:1019C0000DF030F8012005B030BD0020FBE700BF6E
:1019D000346C002000212DE9F04104469EB00846F9
:1019E00008F08EF9642000F0B9FC21684F482631D8
:1019F00001F068FB606A48BB4D4801F027FB01F02D
:101A000003FC07904B4801F021FB01F0FDFB08901F
:101A1000494801F01BFB01F0F7FB099023680AA974
:101A2000464826330A930DF0C5F8454B09AA07A985
:101A300020680293434B01930023009308AB07F007
:101A400093F8024670B1404809F0C2FC01F0DCFB9B
:101A50000790E06A01F0D8FB0990A06A01F0D4FB7E
:101A60000890DBE739490590206807F09FF8059A50
:101A70003749206807F09AF8364916A82F4E08F023
:101A8000B3FB16A808F0B8FB4FF0FF3301220CA9F6
:101A90001CA8314F0DF006FD022311A92F481A464C
:101AA000DFF8C4800DF0FEFC03200DF00FFD4FF0B9
:101AB000FF300DF043FDC207054611D530460DF04D
:101AC000B7F8216891F82D30C3F38003984207D00E
:101AD00030B3234808F0D2F82146224808F0CEF867
:101AE000AB07E4D540F606050BA92068FFF74EFFCB
:101AF0000028DCD00B9B002BF6D05B68988901F0A6
:101B00007FFBB0F5006F01D0A84205D121680B988A
:101B1000CB6898470028E7D00B9801F0EBFDE3E78E
:101B2000384608F0ABF821464046D7E71C3201089A
:101B30002E3201083C32010848320108346C002082
:101B4000619C00080919000856320108A5320008F6
:101B5000DD340008404B4C00613500084C6C00201F
:101B600021350008311900080519000808B5FFF7EC
:101B700031FF00002DE9F74F8046009100F028FC6E
:101B800000F580600EF02AFC054600284AD0044685
:101B9000C14699F900B0BBF1000F41D0A9EB080391
:101BA000009A93423CD2BBF17B0F09F1010703D0AD
:101BB00004F801BBB946ECE77D21384610F000FB84
:101BC00006460028F4D0A0EB09024FF0030BDFF823
:101BD0005C9002F1FF3AD9F800301846019300F00A
:101BE000F7FB5045019B11D152463946184600F08B
:101BF000CFFB58B9D9F804702046394610F0EEFAF8
:101C0000384600F0E5FB771C0444D3E7BBF1010B39
:101C100009F10809DFD14FF07B0304F8013BC9E764
:101C200000232370284603B0BDE8F08F182300205E
:101C3000F7B54FF480600E460E4F0EF0CFFB044612
:101C40000546642301220DF10701304601F06CF9CD
:101C500001280CD19DF8073005F8013B2B1B032B05
:101C6000EFDD3946281F00F0A7FB0028E9D1204608
:101C700003B0F0BD7B3301082DE9FF41044620206D
:101C800010F0B0F9054610B1002101F0DFF8502244
:101C900027492846274FDFF8A88001F0FBF91421D7
:101CA000284601F085F91421284601F08DF994F8B1
:101CB000303006467BB1002384F83030BFF34F8FBD
:101CC0001D491E4BCA6802F4E0621343CB60BFF3A8
:101CD0004F8F00BFFDE794F831203AB14FF47A708E
:101CE00084F8313000F03AFBFEF7D8FC002EDAD051
:101CF000082010F077F93C2241463B46C0E90046F7
:101D0000009040F6F8100EF0A9FB40F24A2204F1D0
:101D1000080103A800F038FF206A20B1C36B2362DA
:101D20000DF06AFEF8E703A800F038FFBBE700BF3C
:101D300074320108B520000800ED00E00400FA0547
:101D40007C32010808B5FFF797FF000013B5044681
:101D500001F0F0F90CF018FF342010F043F90A4BB1
:101D600020603C22094940F6F81000940EF076FB02
:101D7000074B3C220749606040F6F81000940EF0D3
:101D80006DFB02B010BD00BF6D1B0008883201085A
:101D9000451D0008903201084FF00053054A1968AC
:101DA000914206D15A6822B142629A68C262DB68E7
:101DB000836270479AAD44C50EB477B5044607AD4B
:101DC00000F1340140F27D2255F8046B4C34684632
:101DD00000F0DAFE2B4632464FF480712046019522
:101DE00009F0CEFA21460548FFF724FD684600F0C9
:101DF000D5FE03B0BDE8704003B07047173201084C
:101E00002DE9F04F0746ADF5037D884614460025C1
:101E10006423012202A9404601F086F8012840F01F
:101E2000A8809DF90830013C0D2B04D1022D0CBF78
:101E300003250125ECE70A2BE9D105F0FD06012E6B
:101E4000E5D10135EDB2042DE2D14E493846FFF718
:101E5000B3FF3046002600F0C5F9304600F0D2F955
:101E600090B10021304600F0E5F968B101360A2052
:101E700000F074FA30460EF03BF9054600200EF0F3
:101E800037F9281AA042E8D324F003044FF00009E0
:101E90004FF0640BDFF8FCA0B4F5001F4E4628BFDE
:101EA0004FF40014A6423ED2A21B42F2107302A9C4
:101EB0004046B2F5007F28BF4FF40072019201F056
:101EC00033F8051E2FDD15F003010ED0019A95425F
:101ED0000BD2C1F1040202A942F210734046294418
:101EE00001F022F80028C8BF2D1830462E44C5F353
:101EF000870202A90BFB06F500F07AFA0A22B5FB6D
:101F0000F4F5EDB2B5FBF2F302FB1353DBB23BB9D0
:101F1000A94506D02A4651463846FFF74DFF00E056
:101F20004D46A946BEE716F01F040DD04FF40072CF
:101F3000FF2102A800F054FAC4F1200202A93046A1
:101F4000C2F3870200F054FA00F086F9002000F096
:101F500049F900F09BFD024678B901230A49384649
:101F600087F83130FFF728FF66220849404600F025
:101F7000A5FF0DF5037DBDE8F08F05493846FFF755
:101F80001BFFF6E79C320108B6320108C532010892
:101F90002C330108A8320108F0B50C4685B005467F
:101FA000FFF746FE06463F223B49204600F086FFEB
:101FB00007223A49304600F0EBF9D0B938493046AB
:101FC00010F028F9A8B1113010F02EF82146024681
:101FD0002846FFF715FF304610F002F8002C49D0D4
:101FE000204600F047FF204605B0BDE8F0400FF066
:101FF000F7BF1B222B49304600F0CAF9A8B940F2BE
:10200000F91205F1340103A800F0BEFD05F14C0101
:102010000846019100F0DCF901990246204600F0E3
:102020004DFF03A800F0BAFDD5E70B221E4930464C
:1020300000F0AEF910B9012385F83030002303A970
:102040001A48039308F00AF995F8303007469BB117
:1020500048221749204600F031FF30460FF0C0FFFC
:102060002CB1204600F006FF20460FF0B9FF38469D
:1020700008F002F905B0F0BD0399FFF77BFD0546B6
:1020800000F0A6F902462946204600F017FF284630
:102090000FF0A6FFE1E700BF4033010880330108DD
:1020A000883301089A330108B6330108C2330108A6
:1020B000CD33010873B50446D0E90001FFF76CFF8A
:1020C00025680A4B2046DE680FF08AFF40F2232283
:1020D00005F1080101A800F057FD2B6A01A8F36380
:1020E0002E6200F05BFD02B070BD00BF706C00207E
:1020F0000F4B70B51B780C460133DBB2012B11D8A6
:102100000C4D4FF47A732968A2FB033222460E6A03
:1021100001462846B047844204D1074B00220120E3
:102120001A7070BD4FF4FA700DF0AEFC0020F8E7A5
:1021300030230020306F0020A8650020002307B561
:10214000024601210DF107008DF80730FFF7D0FF9F
:1021500020B19DF8070003B05DF804FB4FF0FF309D
:10216000F9E700000A46042108B5FFF7C1FF80F037
:102170000100C0B2404208BD30B4054C0A460146D9
:1021800023682046DD69034BAC4630BC604700BF86
:10219000306F0020A086010070B5104C0025104E55
:1021A0000DF0B2FF20803068238883420CD80025D0
:1021B000208801380DF0A4FF23880544013BB5F5C4
:1021C000802F2380F4D370BD0DF09AFF336805444F
:1021D0000133B5F5003F3360E5D3E8E7AA65002099
:1021E0007C6500200EF05EB800F1006000F5003064
:1021F0000068704700F10060920000F500300DF0BB
:10220000DFBF0000054B1A68054B1B889B1A8342F1
:1022100002D910440DF074BF002070477C65002087
:10222000AA650020024B1B6818440DF06FBF00BF69
:102230007C650020024B1B6818440DF079BF00BF7D
:102240007C6500200020704700F1FF5000F58F10E2
:10225000D0F8000870470000064991F8243033B1E7
:1022600000230822086A81F82430FFF7C3BF012049
:10227000704700BF80650020014B1868704700BFA1
:102280000010005C194B01380322084470B51D682A
:10229000174BC5F30B042D0C1E88A6420BD15C68AE
:1022A0000A46013C824213460FD214F9016F4EB127
:1022B00002F8016BF6E7013A03F10803ECD1814221
:1022C0000B4602D22C2203F8012B0424094A16885B
:1022D000AE4204D1984284BF967803F8016B013C6A
:1022E00002F10402F3D1581A70BD00BF0010005C67
:1022F0003423002078340108022804D1054B4FF420
:1023000080429A6170470128FCD1024B4FF4004291
:10231000F7E700BF000C0258022804D1054B4FF02C
:1023200080429A6170470128FCD1024B4FF0004275
:10233000F7E700BF000C0258022805D1064A53698E
:1023400083F48043536170470128FCD1024A5369EA
:1023500083F40043F6E700BF000C025870B5044652
:102360004FF47A764CB1412C254628BF412506FB17
:1023700005F0641B0DF088FBF4E770BD002310B579
:10238000934203D0CC5CC4540133F9E710BD000084
:10239000013810B510F9013F3BB191F900409C4262
:1023A00003D11AB10131013AF4E71AB191F90020D1
:1023B000981A10BD1046FCE70138013910F9013FA9
:1023C00011F9012F0BB19342F8D0981A7047000011
:1023D00003460246D01A12F9011B0029FAD17047B0
:1023E00002440346934202D003F8011BFAE7704708
:1023F0002DE9F8431F4D14460746884695F82420DA
:1024000052BBDFF870909CB395F824302BB9202292
:10241000FF2148462F62FFF7E3FF95F8240041466D
:10242000C0F1080205EB8000A24228BF2246D6B2C6
:102430009200FFF7A3FF95F82430A41B17441E4415
:102440009044E4B2F6B2082E85F82460DBD1FFF7A1
:1024500003FF0028D7D108E02B6A03EB82038342F5
:10246000CFD0FFF7F9FE0028CBD10020BDE8F883DC
:102470000120FBE780650020024B1A78024B1A709E
:10248000704700BFA86500203023002010B5114C14
:1024900011480CF043FC21460F480CF06BFC2468FB
:1024A0004FF47A70D4F89020D2F8043843F0020345
:1024B000C2F80438FFF752FF084920460CF068FDC7
:1024C000D4F89020D2F8043823F00203C2F804387C
:1024D00010BD00BFA05E0108306F0020A85E01089B
:1024E00070470000F0B5A1B071B6002301200024B0
:1024F00080261A4619460CF003F84FF4D067214A9B
:102500003D25136923BBD2F810310BBB036804F1DE
:10251000006199600368C3F80CD003685E600368CB
:102520001F6001680B6843F001030B6001680B68D2
:1025300023F01E030B6001680B68DB07FCD4037BF0
:102540008034416805FA03F3B4F5001F0B60D8D15D
:102550000CF00CF8B4F5001F11D000240A4E0B4DFE
:1025600001200DF09FFE3388A34205D9286820443E
:1025700001340DF0DDFDF6E700200DF093FE61B6AD
:1025800021B0F0BD00200052AA6500207C6500202B
:102590002DE9F8430D46044600219046284640F2B6
:1025A0007912FFF71DFF234620220021284604F15F
:1025B00022070BF089F8231D022220212846C0267D
:1025C0000BF082F8631D0322222128460BF07CF8D1
:1025D000A31D0322252128460BF076F804F10803F9
:1025E0001022282128460BF06FF804F1100308226E
:1025F000382128460BF068F804F111030822402125
:1026000028460BF061F804F11203082248212846FD
:102610000BF05AF804F114032022502128460BF045
:1026200053F804F118034022702128460BF04CF8AF
:1026300004F120030822B02128460BF045F804F1EC
:1026400021030822B82128460BF03EF8314608360F
:102650003B460822284601370BF036F8B6F5A07F36
:10266000F4D1314604F13203082228460BF02CF84D
:10267000002794F8326004F13309F900BE4201F5F5
:10268000A4711FD8F70007F5A476B8F1000F08D1A0
:10269000314607F24F1604F59973072228460BF0CE
:1026A00013F894F83201B046502828BF502007464E
:1026B00004EB0009A1450DD106EBC7000730C008A7
:1026C000BDE8F88309EB07030822284601370AF022
:1026D000FBFFD2E704F2331341460822284608F1F3
:1026E000080801340AF0F0FFE4E7000013B50446DF
:1026F000084600212022234601900160C0F8031003
:102700000AF0E2FF231D0198022220210AF0DCFFDB
:10271000631D0198032222210AF0D6FFA31D019810
:10272000032225210AF0D0FF019804F108031022AA
:1027300028210AF0C9FF072002B010BD2DE9F84397
:102740000E4605460021174630467B22FFF748FE1D
:102750002B460322002130460AF0B6FF6B1C0522EF
:10276000032130460AF0B0FF6C7801231F2C28BFEC
:102770001F24D90003F10108013BA3421CD30134FB
:10278000E4B2E4003FB92146073405F121030722F2
:1027900030460AF099FF95F82100A0465A2828BF34
:1027A0005A20074605EB00094D450DD104EBC70043
:1027B0000730C008BDE8F88305EB0803082230465F
:1027C0000AF082FF4346D4E705F12203414608227E
:1027D000304608F1080801350AF076FFE4E700000A
:1027E000F7B5047F05460E462CB1838A122B02D919
:1027F000012003B0F0BD00230722284600961946A9
:102800000AF026FE731C01220721009328460023AC
:102810000AF01EFED4B9B31C0522082128460093F5
:1028200023460D240AF014FEB378102BE0D8374667
:10283000BB1BB278934210D307342B7FA88AE408DD
:10284000B3B9844294BF00200120D2E7AB8A0824A8
:10285000DB00083BDB08B370E6E7FB1C21460822DF
:10286000284600930023083401370AF0F1FDDFE722
:10287000201A18BF0120BCE7F7B5047F05460E46B5
:102880002CB1838ACA2B02D9012003B0F0BD0023EA
:1028900008222846009619460AF0DAFD731CD4B9BE
:1028A0000822009323461024114628460AF0D0FD42
:1028B0007378C82BE8D801235F1C7278013B9342E0
:1028C00010D307342B7FA88AE408B3B9844294BF9D
:1028D00000200120D9E7AB8A0824DB00083BDB0895
:1028E0007370E5E7F3192146082228460093002378
:1028F0000AF0AEFD08343B46DEE7201A18BF01207F
:10290000C3E700002DE9F8430D46044616460021B2
:1029100081222846FFF764FD23460822002128462D
:102920000AF0D2FEC6B90F26631C072208212846EA
:102930000AF0CAFE94F90130B0466778002BB8BFA0
:102940007F2704EB07094C4508D10736082010FB08
:102950000760C008BDE8F8830826EBE7A31C4146E2
:102960000822284608F1080801340AF0ADFEEAE71B
:102970002DE9F0410D46044616460021CE22284698
:10298000FFF72EFD23462822002128460AF09CFE50
:10299000BEB9302604F108030822282128460AF08F
:1029A00093FE14F8080F0027C82828BFC8208046C7
:1029B000B84506EBC70106D806EBC800C008BDE85D
:1029C000F0812826EDE7013708222846E3190AF0AE
:1029D0007BFEEDE7F7B5047F05460E4634B1838AEA
:1029E000B3F5827F02D9012003B0F0BD012310228C
:1029F0000021284600960AF02BFDDCB9B31C092201
:102A0000102128460093234619240AF021FD7388DB
:102A1000B3F5807FE7D83746BB1B7288934210D34B
:102A200007342B7FA88AE408B3B9844294BF0020FE
:102A30000120D9E7AB8A1024DB00103BDB08738050
:102A4000E5E73B1D21460822284600930023083471
:102A500001370AF0FDFCDFE7201A18BF0120C3E7A9
:102A600030B50A44084D91420DD011F8013B584051
:102A7000082340F30004013B2C4013F0FF0384EAD9
:102A80005000F6D1EFE730BD2083B8EDF7B5384AF6
:102A90006B46106851686A4603C3082335493648B7
:102AA0000FF0EAFA0446002833D10A25334A6B4670
:102AB000106851686A4603C3082331492E480FF055
:102AC000DBFA0446002849D00369B3F5F01F45D866
:102AD000B0F8661040F2355291423FD1294A024483
:102AE00002F15C018B4239D35C3B234900209E1AE2
:102AF000FFF7B6FF04F16401074632460020FFF7F6
:102B0000AFFFA3689F4229D1E368984208BF002520
:102B100024E00369B3F5F01F27D8418B40F235520A
:102B2000914220D1174A024402F110018B4218D37E
:102B3000103B114900209D1AFFF792FF04F1180184
:102B400006462A460020FFF78BFFA3689E4202D16B
:102B5000E368984201D00D25A8E70025284603B078
:102B6000F0BD1025A2E70C25A0E70B259EE700BFCE
:102B700088340108DCFF1D000000020891340108C0
:102B800090FF1D000800FEF710B50B6804460846CC
:102B90009B6821609847204610BD000010B5044690
:102BA00000680368DB689847204610BD10B5037CB9
:102BB000044613B900680DF04DFC204610BD00001E
:102BC0000023BFF35B8FC360BFF35B8FBFF35B8FEB
:102BD0008360BFF35B8F7047BFF35B8F0068BFF309
:102BE0005B8F704770B505460C30FFF7F5FF044664
:102BF00005F108063046FFF7EFFFA04206D96D68E1
:102C00003046FFF7E9FF2544281A70BD3046FFF72C
:102C1000E3FF201AF9E7000070B505464068A0B14F
:102C200005F10C0605F10800FFF7D6FF0446304613
:102C3000FFF7D2FF844204F1FF34304694BF6D6841
:102C40000025FFF7C9FF2C44201A70BD38B50C468B
:102C50000546FFF7C7FFA04210D305F10800FFF7B4
:102C6000BBFF04446868BFF35B8FB4FBF0F100FB6B
:102C700011440120AC60BFF35B8F38BD0020FCE73E
:102C80002DE9F041144607460D46FFF7C5FF844283
:102C900028BF0446D4B1B84658F80C6B4046FFF73D
:102CA0009BFF3044286040467E68FFF795FF331A4B
:102CB0009C4203D801206C60BDE8F081A41B6B60CE
:102CC0003B682044AB60E8600220F5E72046F3E76C
:102CD00038B50C460546FFF79FFFA04210D305F11B
:102CE0000C00FFF779FF04446868BFF35B8FB4FB07
:102CF000F0F100FB11440120EC60BFF35B8F38BDA5
:102D00000020FCE72DE9FF418846694607466C46EE
:102D1000FFF7B6FF002506B204EBC606B4420AD0A0
:102D2000626808EB050120680834FFF727FB54F8B8
:102D3000043C1D44F2E729463846FFF7C9FF284600
:102D400004B0BDE8F0810000F8B505460C300F4630
:102D5000FFF742FF05F1080604463046FFF73CFF47
:102D6000A042304688BF6C68FFF736FF201A3860F3
:102D700020B12C683046FFF72FFF2044F8BD00003B
:102D800073B5144606460D46FFF72CFF84420190AA
:102D900028BF0446DCB101A93046FFF7D5FF019BEF
:102DA00033B93268C5E90233C5E9002401200CE0DB
:102DB0009C42286038BF0194019884426860F5D92C
:102DC0003368241A0220AB60EC6002B070BD20466C
:102DD000FBE700002DE9FF410F4669466C46FFF70F
:102DE000CFFF00B2002604EBC005AC4209D0D4F8F6
:102DF0000480B81954F8081B42464644FFF7BEFA4F
:102E0000F3E7304604B0BDE8F081000038B5054670
:102E1000FFF7E0FF044601462846FFF717FF20466C
:102E200038BD00001FB504464FF0FF331046217037
:102E30006261A36139B9042301220621009303AB27
:102E4000039206F075FD204604B010BD38B50D1E86
:102E500004464FF000024FF0020014BF022101218E
:102E600006F0CAFB294602462046FFF7DBFF204654
:102E700038BD000010B504464069421C01D006F080
:102E800061FAA069431C01D006F05CFA204610BD2F
:102E90001FB54069431C0ED00123042240F6FF7188
:102EA000039303AB009206F043FD013018BF0120ED
:102EB00005B05DF804FB0020FAE700004069431C00
:102EC00002D0202306F054BB7047000010B584697F
:102ED00088B00023621CCDE9023302D14469621C30
:102EE00020D008AA630904F01F0002EB830301222B
:102EF000824043F8182C4FF47A720023B1FBF2F0B1
:102F000002FB1011514304AACDE904030691601C91
:102F1000009202A91A4606F0A9FB431E58425841E6
:102F200008B010BD1846FBE730B58BB00D4619460A
:102F300004460392FFF7CAFF039A30B90FF086F8F0
:102F40000B2303604FF0FF3515E0A06910232946DD
:102F50000493431C04AB08BF60690193231D0093D5
:102F6000082306F051FA051E08DC23781BB9237FDD
:102F70000BB105B9257728460BB030BDA3690133E5
:102F8000F9D0102305AA06A96069059306F0CCFCC8
:102F90000028D7D1636823F0FF02069B23F0FF03CC
:102FA0009A42E8D1A268079B9A42E4D1CAE700009E
:102FB00008B54069431C05D006F0FCF9B0FA80F072
:102FC000400908BD0020FCE77FB543690446013392
:102FD00003D10024204604B070BDFFF777FF00281E
:102FE000F7D0102302AA211D6069029306F0C2F8EF
:102FF000431C0546EDD020200EF0F4FF04460028C7
:10300000E8D0002301264561062103704FF0FF330D
:1030100032460396836104232846009303AB06F0EF
:1030200087FC20462677FFF733FFD3E713B50C461E
:103030000092019000F0E8F8009B224601A901905F
:10304000022006F055FD02B010BD0000002307B5B8
:10305000014601AA0220019306F066FD019800F0E6
:10306000D3F803B05DF804FB70B51646184610227D
:103070000D4600211C46FFF7B3F9304600F0C0F8BA
:103080000223608028466370FFF7E0FF00F0BCF881
:10309000606070BD1FB54369044601330FD06B46B5
:1030A000FFF7E2FF2046FFF7F3FE10226946606952
:1030B00006F00EF9B0FA80F0400904B010BD00200F
:1030C000FBE7000070B586B005460C46FFF780F9B7
:1030D0001128024621D1294601A80FF087F8651E64
:1030E000002305340E4E6A460D4901A88DF81530AF
:1030F00000930FF0CDF880B1102200210FF0CAF933
:10310000FF280AD805F8010F6A46314600200FF063
:10311000BFF8AC42EFD1012000E0002006B070BD46
:103120009833010808B50B460146014808F050F9EC
:103130009C340108F8B50120002301334000DBB2C4
:103140000E2BFAD10DF082F900284CD0264A062326
:10315000C2F89830254BC2F89C00C2F8A030052375
:10316000C2F89430536A43F4803353620023C2F8A8
:103170008430BFF34F8FD2F8803043F6E075C3F34D
:10318000C904C3F34E335B0103EA0507214647EA4E
:1031900081760139C2F87462F9D2203B13F1200F15
:1031A000F2D1BFF34F8FBFF36F8F114B00F140028D
:1031B0001860104B1A6000F160020F4B1A6000F2A9
:1031C00054625A6000F648429A6000F591521C32EF
:1031D000DA6000F5C15300F5F150084A10330430AD
:1031E000136050600120F8BD00ED00E01B000C03EF
:1031F000BC650020C8650020AC650020C0650020CB
:1032000040BA80B27047000000BA70476FF00B0000
:103210007047000010B5044628B90B4A40F29931B6
:103220000A48FFF77FFF94F82D3003F00502052AC6
:1032300009D122683AB11B0705D521462046BDE8D1
:10324000104004F051BC10BDAC340108D03401086A
:1032500073B5044616460D4629B90F4A4FF4EE7170
:103260000E48FFF75FFF23682A689A4201D10020C9
:1032700010E001A930463360019201F0B9F82B68E3
:10328000012120462360FFF7C5FFA3690BB120464B
:103290009847012002B070BDAC340108F434010835
:1032A0007047000010B5044606F028FE014B1C6074
:1032B00010BD00BFD065002010B5044606F01EFE0C
:1032C00054B1064B186830B190F830300133DBB29E
:1032D000A34218BF002010BD2046FCE7D0650020A7
:1032E00010B5044606F00AFE0CB9002010BDA01C63
:1032F0000EF09AFE10F0FF0303D194F90220302A59
:10330000F3D10A4A10680028EFD090F830209A4292
:10331000EBD194F9002090F92E309A42E5D194F93E
:10332000012090F92F309A42DFD1DFE7D0650020ED
:103330000C4B2DE9F0410E4617461C68054628B98E
:10334000094A40F247710948FFF7ECFE0CB9BDE8A5
:10335000F081D4E900383A46314628464446984739
:10336000F4E700BFCC650020AC3401080435010847
:103370002DE9F04387B099460E469046054606F083
:10338000BDFD2C4B002E08BF1E46B8F1000F08BF34
:103390009846B9F1000F08BF99463368002B45D114
:1033A00002AF314628463A46FFF752FF044688B33B
:1033B0000397102401276A68D8F8003093421EBF93
:1033C000009244F040046B60AA68D9F8003018BF3E
:1033D000CDF810D093421FD0AB6001AB44F0200475
:1033E000019205935FB90DF108083146284642461F
:1033F000FFF72EFFA8B144F01004CDF80C8044F084
:10340000800487B103AA21462846FFF791FF07B041
:10341000BDE8F0830127CEE7002FE4D0002CF6D0E2
:10342000EDE7002CEBD144F48064EBE700273C4649
:10343000C1E700BFB44901082DE9F843DDF8249045
:10344000984604460E46174606F058FD1E4B1D686A
:103450004DB100251D4A40F22D111D48FFF762FEB7
:103460002846BDE8F883002CFAD0B9F1000FF7D058
:10347000184B204618492361089B002F14BF3A4679
:103480000A46A56023620A9BA584E360B8F1000F99
:1034900014BF43460B4684F82D50002E18BF31460A
:1034A00084F83050C4E90055C4E90655FFF760FFC1
:1034B0002046C8470028D3D12A4601212046254668
:1034C000FFF736FFCCE700BFD0650020AC34010821
:1034D0001C3501080D320008B44901081FB5044627
:1034E00006F00CFDD4B194F82D30DA0716D443F071
:1034F000010384F82D30A3690BB1204698470123BE
:10350000204601AA08218DF80430FFF711FF03219E
:10351000204604B0BDE81040FFF77CBE04B010BDEB
:103520001FB5044606F0EAFCBCB194F82D305A07EA
:1035300013D443F004030321204684F82D30FFF711
:1035400069FEE3690BB120469847012301AA0421D3
:1035500020468DF80430FFF7EBFE04B010BD0000EC
:103560001FB5044606F0CAFC9CB194F82D305A07EA
:103570000FD523F0040384F82D30E3690BB1204606
:103580009847002301AA042120468DF80430FFF754
:10359000CFFE04B010BD000008B506F0E3FD084BF7
:1035A00000221A7006F0E6FD064B186800B908BD47
:1035B000436F1BB1BDE8084000F0E0BDC068F5E70F
:1035C000D4650020D865002038B560B9144A4FF49E
:1035D000F1711448FFF7A6FD01201FE0002AFBD07F
:1035E0004268511A14E0B1F5803FF5D2A9B10389C0
:1035F0008CB213FA81F39BB29C42EDD890F90C5037
:10360000002DEBDA4268511A00F110029142E3D327
:1036100042894160144403814481002038BD00BFC9
:10362000383501081A36010822F04003012B70B525
:1036300006460D46144605D0094A4FF4A5710948BF
:10364000FFF770FD0B2008F067F840B100230581FB
:10365000458143730473C0E900360123C38170BD03
:10366000383501085C350108033020F0030070B5DF
:103670000E18BDF81450049CAE420DD804B1044499
:1036800018460023C0E900340223018141814373BD
:1036900001230273C38170BD0020FCE70022FFF705
:1036A00093BF000010B538B90C4A40F24E210C48C7
:1036B000FFF738FD012010E0B1F5803FFAD259B193
:1036C0008AB243899A42F5D89B1A446843812144BF
:1036D000038941609B1A0381002010BD3835010821
:1036E0001A3601080B1E02DA5942FFF7DBBF01222E
:1036F000FFF76ABF2DE9F047044648B92546294A35
:1037000040F2DE212848FFF70DFD2846BDE8F0878E
:103710000025244FDFF89880DFF8989006F022FD0E
:10372000A37B82462BB93A4640F2F3214046FFF78D
:10373000F9FCA67B5046013EF6B2A67306F01AFDD0
:10374000002EE2D1637B26689B0710D523692BB935
:103750003A4640F201311548FFF7E4FC2369204660
:1037600098470135EDB2002ECFD03446D6E7237B03
:1037700003F00F03022B04D121460C2007F0D8FFE1
:10378000EFE7012B02D121460B20F7E71BB92046BA
:1037900007F06EFFE5E73A4640F211314846FFF781
:1037A000C1FCDEE7383501081A3601088635010804
:1037B00070350108A7350108B2F5C17F2DE9F84F32
:1037C00004460F4613D008D822F04003012B07D13E
:1037D0000020BDE8F84FFFF727BFB2F5207F5BD090
:1037E0003B4A40F227113B48FFF79CFC21E00026B2
:1037F00084B2DFF8DC903546DFF8ECA00C20B3464D
:1038000007F08AFF0646D0B9334C06F0ABFC012323
:1038100027782370FFB206F0ADFC4FB931462F4830
:1038200006F02CFA20B106F09DFC267006F0A2FCF2
:103830000DB900252BE02846FFF75CFFF9E7E31CF4
:1038400004440021264A23F0030313340160C3F526
:10385000807824F0030407811FFA88F84460C2606E
:10386000B84528BFB846B3F5807FA0F80A8005D1D7
:103870004A464FF481715046FFF754FC55B1CBF8DE
:103880000060A7EB08070024BFB2002FB6D128467E
:10389000BDE8F88F3546F4E7CB1C033023F0030373
:1038A00020F00300184410308342C2D807F0C6FE4F
:1038B00005460028EBD0044400230781133403603D
:1038C000084B24F003044781C3604460DFE700BF76
:1038D00038350108F0350108D46500209935000815
:1038E0008200010080000100BC3501082DE9F04193
:1038F0000D46044628B9234A4FF4CC712248FFF7FD
:1039000011FC2389AB423BD9EE1A1E4FDFF88480AD
:103910006389AB421BD3227B120729D1AB4227D04C
:10392000637B9B0724D461682046091B294407F068
:1039300083FED8B9134A40F2BD111448FFF7F2FBD9
:10394000104A40F2BF111248FFF7ECFB10E0ED1AED
:1039500023893344ADB223812468002CD8D13A4660
:1039600040F2AF114046FFF7DDFBD1E78442E7D1DB
:1039700020686581258108B1FFF7BCFE0023236024
:10398000BDE8F081383501080C3601083C360108E5
:103990005836010824360108F8B50D4604460026BD
:1039A00085B17CB16189A94208D827686D1A204683
:1039B0002660ADB23C46FFF79DFEF1E72946204662
:1039C000FFF770FE2046F8BD0346002290B2013298
:1039D00003B970471B68F9E710B5044680B106F0DB
:1039E000C1FBA37B0133A37306F0C4FBA37B3BB9EC
:1039F000044A4FF451710448BDE81040FFF792BBF0
:103A000010BD00BF383501087436010838B50D46C1
:103A1000044600B121B938BD29890B4423811446DD
:103A200022682389002AF7D162899A420DD00A4A76
:103A30004FF459710948FFF775FB23682BB1064A0B
:103A400040F265310648FFF76DFB2A89238925601E
:103A500013442381DFE700BF3835010888360108A9
:103A6000B53601082DE9F84F054616461F460C46A7
:103A7000002947D00B89934244D3002842D00289C1
:103A8000BB199A423EDB4FF00008DFF8C090DFF828
:103A9000C0A0B5F80AB06289ABEB070B6868A2EB6F
:103AA0000802616838449345414428BF9346B345B2
:103AB00028BFB3465A465F44FEF760FC6B89A6EB0D
:103AC0000B06D844BB42B6B205D24A4640F2F731A3
:103AD0001D48FFF727FB6389434505D24A464FF44B
:103AE0007E715046FFF71EFB6389434504D8246866
:103AF00004B93EB94FF000086B89BB4220D12D6854
:103B0000EDB9C6B16FF00F0010E037466289238926
:103B10009A4201D123685BB92DB16A892B899A42F7
:103B200001D12B6823B9002EB3D13046BDE8F88F00
:103B30006FF00500FAE7002CE7D12046F6E70027F2
:103B4000002CE3D1E9E700BFC83601083835010889
:103B5000DF36010819B100230A89FFF783BF6FF030
:103B60000F0070472DE9F0410F469046054618B307
:103B700021B30026B8F1000F00D015B93046BDE8DA
:103B8000F0816C892BB1A34203D31B1B9BB22D6820
:103B9000F0E7E41A6968B819A4B21944444528BF8B
:103BA000444622462644A8EB0404FEF7E7FBB6B2DF
:103BB00000231FFA84F8EAE70646DFE70E46DDE752
:103BC00038B515460A462989FFF7F6FD044648B17F
:103BD0002946FFF7BFFF28B1034A40F2435103488B
:103BE000FFF7A0FA204638BD38350108FC36010839
:103BF000F0B5124C4FF480404FF6FF762388013326
:103C00000F4D04229BB2B34208BF4FF4404355F816
:103C1000041B096831B9013A12F0FF02F7D11846C6
:103C2000238007E0CF8A9F4205D1013880B2002867
:103C3000E5D12380F0BDC968ECE700BF5023002028
:103C4000203C010808B506F021F96FEA8040024BDC
:103C50006FEA9040188008BD5023002010B5037D06
:103C60000446012B04D1054AD4210548FFF75AFA2E
:103C700021460020BDE8104007F05ABD103701086A
:103C80003237010810B5044628B90F4A4FF4947131
:103C90000E48FFF747FA06F031F9638B9B0511D404
:103CA000E36F7BB15A7F01325A77E36F5B7F2BB9A9
:103CB000054A40F22D110648FFF734FA638B43F4AE
:103CC0000073638310BD00BF10370108443701083B
:103CD0005037010810B5044628B90F4A40F23F1189
:103CE0000E48FFF71FFA06F009F9638B9B0511D503
:103CF000E36F7BB15B7F2BB9074A40F24311084861
:103D0000FFF710FAE26F537F013B5377638B23F485
:103D10000073638310BD00BF1037010844370108EA
:103D20005037010810B5044628B9174A4FF4CE7130
:103D30001648FFF7F7F9237D042B11D0072B1BD072
:103D4000032B0BD1204603F079F870B92046FFF71A
:103D5000C1FF05232046237503F0B6F9002010BDEE
:103D6000204603F06BF80028F3D0431CF7D1638B97
:103D700043F008036383F1E7204603F05FF800286F
:103D8000F3D10923E6E700BF1037010844370108E3
:103D9000F8B50E460546144606F0B0F81B4B002E4B
:103DA00008BF1E4645B32B7D4BBB34B9FFF720FF40
:103DB000044650B96FF0010012E0154951F8042B88
:103DC000126872B90133042BF8D1336803B12B6048
:103DD000104BEC821A681D60EA6003F03FFC002083
:103DE000F8BDD08AA04205D117685FB1306848B1EC
:103DF000874207D0D268E4E76FF00F00F0E76FF07A
:103E00000500EDE76FF00700EAE700BFB4490108DD
:103E1000203C0108E065002038B50C46054606F058
:103E20006DF81CB194F830400134E4B22C7238BD06
:103E3000F8B505460E46174606F060F8002D4CD042
:103E40002B7D002B4DD1012007F066FC0446002895
:103E50004BD02B690361EB8AC382012303756B7D11
:103E600043756B7A43722B7A0372EB7AC372AB7A27
:103E700083722B680360EB8A3BB11D4A1368AB4227
:103E800023D1EB6813600023EB602846FFF7E6FEC2
:103E9000184BA36100236377237D012B05D0164ABD
:103EA0004FF465711548FFF73DF9154B012E1A685F
:103EB00038BF01261C602677E26003F0CFFB0023A9
:103EC00007B13B702046F8BD1346002BDBD0DA6803
:103ED000AA42F9D1EA68DA60D5E72C466FF00F0301
:103EE000EEE76FF00E030024EAE74FF0FF33E7E759
:103EF000E065002095430008103701086837010885
:103F0000E4650020F8B5044628B9134A40F2AA3106
:103F10001248FFF707F9228D41F27076E36A678E47
:103F2000656AD01AB742284494BFC11B811B00297F
:103F300001DB6285F8BD5D1B02D500206085F9E7D5
:103F4000B5F5803F05D3044A40F2BA310448FFF783
:103F5000E9F800206585EDE710370108983701087A
:103F6000BC37010838B505460C4605F0C7FF2DB330
:103F70002B7D012B05D1124A40F2D6311148FFF7B3
:103F8000D1F82A8D42F6E063111989B2994213D80B
:103F90008A4288BF194628462985FFF7B3FF40F6B5
:103FA000B73398420AD96B8B284643F002036B83E0
:103FB000BDE8384003F088B81946ECE738BD00BFCB
:103FC00010370108D837010810B5044648B14068D9
:103FD00008B1FFF78FFB21460220BDE8104007F033
:103FE000A7BB10BD10B500B910BD0468FFF7ECFF0A
:103FF0002046F8E738B5044628B90D4A40F28661F4
:104000000C48FFF78FF8022007F086FB054660B1E9
:104010002346024604F1100153F8040B8B4242F888
:10402000040BF9D16868FFF7D7FC284638BD00BFFC
:10403000103701080038010838B504460D4605F070
:104040005DFF04B1256138BD38B504460D4605F065
:1040500055FF54B1237D012B05D1044A4FF4FD6176
:104060000348FFF75FF8C4F8845038BD10370108E3
:104070001C38010838B504460D4605F03FFF54B121
:10408000237D012B05D1044A40F2FC710348FFF760
:1040900049F8C4F8805038BD103701084438010889
:1040A00038B504460D4605F029FF54B1237D012B98
:1040B00005D1044A40F616010348FFF733F8C4F867
:1040C000905038BD103701086C38010838B50446E7
:1040D0000D4605F013FF1CB1237D012B08BFA56120
:1040E00038BD000070B504460E46154605F006FFC3
:1040F0005CB1237D012B05D1044A40F648010448F8
:10410000FFF710F8C4F88C60657770BD10370108B0
:104110009438010808B528B9064A40F6B90106489E
:10412000FFF700F8054B064A18681268104418603B
:1041300008BD00BF10370108B43801084C23002027
:10414000E865002038B504460D462AB9094A40F60C
:10415000CF010948FEF7E6FF4DB1AB8C3BB1282BF0
:104160008ABF283B00239BB29C4228BF1C462046A6
:1041700038BD00BF10370108D038010810B504461B
:10418000406F18B1FFF72EFF0023636710BD0000DA
:1041900010B50446F8B1037D012B1CD90A2B1AD0A7
:1041A000FFF798FDA06F18B1FFF7A4FA0023A367EB
:1041B000636F13B12046FFF7E1FF4FF6FF73E06E28
:1041C0002386FFF70FFF206FFFF70CFF0023C4E9E2
:1041D0001B33A4F8683010BD38B505460C4629B924
:1041E000274A40F68D012748FEF79CFF2DB9244A47
:1041F00040F68E012448FEF795FF2B68A3421DD19F
:10420000E3682B6000232046E360FFF7C1FF237DB6
:104210000A2B1BD1E36E5BBB236F2BB1184A40F610
:104220009E011A48FEF77EFF636FEBB1144A4FF40C
:104230000A611748FEF776FF16E01346002BE1D01F
:10424000DA68A242F9D1E268DA60DBE7012B0BD031
:10425000638BDA07DED543F002032046638302F066
:1042600033FF237D012BD5D100232375E38238BD95
:10427000034A40F69D010748FEF754FFCCE700BF14
:1042800010370108F8380108143901084C390108C1
:1042900065390108343901082DE9FF4704460E4607
:1042A00005F02CFE002C61D0237D012B05D1314A75
:1042B0004FF410713048FEF735FF237D0A2B09D1EA
:1042C00021462E48FFF788FF204604B0BDE8F0479E
:1042D000FFF7C4BCD4F85090D4F824A0D4F8907060
:1042E000D4F81080E58A9BB93DB1254A1368A342F2
:1042F00006D1E36813600025E5602E460FE0134603
:10430000002BF8D0DA68A242F9D1E268DA60F2E76D
:1043100021461C48FFF760FF1B4B01221A70206FDB
:1043200008B1FFF75FFEE06E08B1FFF75BFE606F5C
:1043300008B1FFF757FE2046FFF7CCFC56B1238BA0
:10434000524649462046CDE90153231D009323469A
:1043500002F04EFE2046FFF781FC3FB16FF00C01EA
:1043600040463B4604B0BDE8F047184704B0BDE8FE
:10437000F08700BF103701087C390108F065002084
:10438000E0650020D8650020DC6500200121FFF7F2
:1043900083BF000010B50C4629B9064A4FF444719A
:1043A0000548FEF7BFFE2046FFF7F0FF6FF00C0058
:1043B00010BD00BF10370108B039010870B50C46B8
:1043C000054628B9084A40F60A110848FEF7AAFE31
:1043D00004B970BD22682B68E6689A4202D1204673
:1043E000FFF7D4FF3446F3E710370108D03901084E
:1043F00038B50D46044680B1036873B10B4B19689C
:10440000FFF7DCFF0A4B20461968FFF7D7FF25B1FD
:104410002B6813B1074B1B6803B938BD19682268B4
:10442000914204BF2A681A60DB68F5E7D86500206E
:10443000E0650020E46500200C4B002230B41968D0
:1044400004460B4B10461D6819B968B130BCFFF724
:1044500023BF0B7DA34205D10B6AEB1A934224BF05
:104460001A460846C968EFE730BC7047D865002097
:10447000E8650020F8B5054605F040FD002007F08E
:104480004BF90446002836D13E4F3868002856D1F3
:104490003D4B01463D4E1B683468002B5AD108B194
:1044A000FFF774FF002007F037F9044618BB092016
:1044B000FFF7C2FF204607F02FF90446D8B90820BD
:1044C000FFF7BAFF204607F027F9044698B92B06F4
:1044D00048D45DB12A46013A3B6836680021D2B221
:1044E000002B41D114B12046FFF750FF002007F008
:1044F00013F9044608B39C2200212046FDF770FF03
:1045000042F6E0636575A4F86430214BA362FF2393
:10451000E3720623A4F84030E3871E4B23631B4B52
:104520001B6823621C4B1B78A3771C4BA3641C4B9A
:10453000C4F884301B4BC4F894302046F8BD438B3C
:10454000C4681A0704D523F008034383FFF7EAFB86
:1045500020469BE71A6AA21A8A4224BF18461146CF
:10456000DB689AE77F22B6E75F7D974204D307D1E5
:10457000186A301A884203D3196A3A461C46711ADF
:10458000DB68ADE7D8650020F0650020E865002015
:10459000E02EE02EFFFF1802ED6500200100E02E66
:1045A0003947000800DD6D004020FFF763BF0000C1
:1045B00030B50D4685B0044628B94A4A4FF4AF716C
:1045C0004948FEF7AFFD237D002D3FD0042B01D0DD
:1045D000072B3BD1A26F22B9218D42F6E0629142B6
:1045E00034D0638BDB0605D43E4A4FF4B2713F48AA
:1045F000FEF798FD238B20460293E38A0193231D47
:1046000000932346626A216D02F0F2FC2046FFF718
:10461000BFFD374A1368A34210D1E368136000233B
:104620000122E360334B1A70334B1B68A3421DD148
:1046300001F060FE002005B030BD1346002BEED027
:10464000DA68A242F9D1E268DA60E8E7012B1AD011
:10465000022B38D0002B3ED1E38A3BB1274A1368A6
:10466000A34208D1E36813600023E3602046FFF70C
:10467000F5FADFE71346002BF6D0DA68A242F9D14B
:10468000E268DA60F0E71E49002051F82320126842
:104690009AB90133042BF8D121461A48FFF79CFD43
:1046A000237D012B04D10F4ADF211748FEF73AFD85
:1046B0002146012007F03CF8BCE7D56FAC4208BFAB
:1046C000D067D268E4E721460948FFF785FD094B2A
:1046D00001221A70CAE7204605B0BDE83040FFF756
:1046E00021BB00BF10370108043A0108243A010831
:1046F000D8650020DC6500201C660020E0650020F5
:10470000203C0108E46500203D3A010810B504464C
:1047100005F0F4FB64B1237D20460121012B1EBF6F
:10472000638B43F010036383BDE81040FFF740BF85
:104730006FF00F0010BD000010B50846144669B1B7
:104740003AB11189FFF70EFC2046FEF7D3FF002097
:1047500010BD33B9BDE81040FFF7D8BF6FF00F00B0
:10476000F6E71046F4E70000F8B5044680B3866F1C
:104770000023D0F88450777B8367E5B10146324649
:104780000069A8470546E8B9BB0612D5238D42F655
:10479000E062D4F8846093421CBF0133238546B1A4
:1047A0000023214620691A46B0470D3001D16FF031
:1047B0000C052846F8BD01462B4632462846FFF731
:1047C000BBFFDFE70D35F2D06FF00405A667F0E719
:1047D0006FF00F05EDE700002DE9F8431B4D1C4F6E
:1047E0002B781C4E01332B703C684FF000080CB93D
:1047F000BDE8F8832B78A27F9A4224D0A377638BFD
:10480000D90709D543F002032046638302F05CFC1C
:10481000638B23F003036383638B1A0705D523F0AF
:10482000080320466383FFF77DFAA36FD4F80C904A
:104830003BB1204686F80080FFF796FF3378002BC7
:10484000D2D14C46D3E7D4F80C90FAE7ED650020BE
:10485000D8650020DC65002070B505460E4614467C
:1048600005F04CFB1DB32B7D012B19D096B16B8B42
:1048700043F010036B832CB101212846BDE8704042
:10488000FFF796BEA86F08B9002070BDFEF732FF93
:10489000AC67F9E7002CF7D0042B04D8022B04D81E
:1048A0006FF00A00F1E7072BFAD10021E5E76FF07E
:1048B0000F00EAE72DE9F04F9E4D87B0DFF89C929C
:1048C0002B68DFF89C8201339B4E2B6099F80030F7
:1048D000013389F80030D8F800B00027BBF1000F91
:1048E0000CD1964E944F3468DFF87882DFF87892D6
:1048F000002C40F0DE8107B0BDE8F08F9BF814205B
:104900002AB9324640F2C2418D48FEF70BFC9BF8B3
:104910001420012A05D1324640F2C3418948FEF7EE
:1049200001FC9BF814200A2A05D1324640F2C4410A
:104930008548FEF7F7FB99F800209BF81E1091427E
:1049400004D1DBF80C405F46A346C7E79BF8141080
:104950008BF81E2002299BF8422040F09D80032AFC
:1049600040F29C804FF0010A9BF814C0BCF1060F86
:104970000DD1BBF81A20D30609D52A68DBF8201020
:10498000521A282A84BF0AF1010A5FFA8AFA9BF8B0
:10499000094014F008041CD0BCF1040F03D0BCF192
:1049A000070F40F04981DBF820204FF4FA742868A3
:1049B000801ADBF8942002F5242101F6B841B1FBFE
:1049C000F4F1884240F226810AF1010A01245FFADB
:1049D0008AFADBF874206AB12A68DBF82010511AD1
:1049E000BBF9402002EB4202B1EB420F02D3584622
:1049F000FFF7C4FB9BF81420032A40F01F812A68AC
:104A0000DBF82010521A282A03D8BAF1000F00F060
:104A10002B815846DBF890A0FFF7BAFBD8F80020AE
:104A2000002F00F014815A4505D1324640F27151F1
:104A30004648FEF777FBDBF80C20FA6084B1BBF840
:104A400018205B4658460292BBF8162001920BF1E3
:104A500004020092DBF82420DBF8501002F0C8FAC0
:104A6000DBF810205846DBF80C400592FFF7F6F80B
:104A7000DFF8F8B000218BF80010BAF1000F09D070
:104A8000059A6FF00C011046D0479BF80030002BC0
:104A90007FF421AFBB4656E70B2A61E79BF899A04C
:104AA000BAF1000F64D0DBF870202AB132464FF41F
:104AB0009B612748FEF736FBDBF86C202AB93246AB
:104AC00040F2D9412348FEF72DFB9BF89A200B2A90
:104AD0003FF648AF9BF899101F4A0A4412F8011C90
:104AE0009BF898208A420BD3BBF8601089B15846D6
:104AF00002F052F890B9584602F0E6FA30B10DE0F3
:104B00000132D2B28A428BF89820EDD24FF0000ADF
:104B10002AE7584602F0DCFC0028F7D19BF89920E0
:104B20004FF0000A062A8BF898A0EFD801328BF8D4
:104B3000992019E7E865002010370108F06500208A
:104B4000583A0108813A0108AA3A01083D3B010898
:104B5000D63A0108083B0108303C0108ED65002009
:104B6000D8650020923B0108E83B0108DC65002085
:104B7000BBF8302047F6FE718A429CBF0132ABF889
:104B80003020BBF94020BBF930109142BEDB5846C3
:104B900002F082F938B1DBF87020002AB6D1DBF8D8
:104BA0006C20002AB2D09BF81420022A14D0BBF942
:104BB0003C10BBF93E205A4802EBE1029BF8421040
:104BC0000C2928BF0C21415C8A4047F6FF718A42BC
:104BD000A8BF0A46ABF84020BBF860100024BBF821
:104BE0004820BBF832C09142ABF83040ABF848C027
:104BF00028BF11464FEA4C02ABF86A4092B248080F
:104C0000B2EB510F98BF02465846ABF84A2002F06B
:104C100007FCA9E69BF89B10424B03FB0122B2FB69
:104C2000F4F2904208D9584602F02CFC20B99BF8C7
:104C30009B2001328BF89B200024CAE6092A7FF4CE
:104C4000E4AE2A68DBF82010521AF02ADCE65A4556
:104C500005D0324640F275513348FEF763FADBF86F
:104C60000C20C8F80020E9E69BF81C209BF81D10DA
:104C70000132DBF80C40D2B291428BF81C203FF697
:104C800062AE2A4FDBF88C208BF81CA087F800A0BE
:104C90001AB9584602F018FA55E65946DBF81000E2
:104CA00090473A78002A7FF416AE00287FF44BAE86
:104CB000EFE7227D0A2A05D03A4640F2A551404648
:104CC000FEF730FA2A68216A521AF02A11D92046D2
:104CD000FFF75EFABBF1000F0ED13268A24205D099
:104CE0003A4640F2B7514846FEF71CFAE268326095
:104CF0000EE0A346E468FBE53268A24205D13A46DD
:104D000040F2B3510A48FEF70DFAE268CBF80C20E6
:104D1000D4F80CA02046FEF7A1FF5446E8E500BFFA
:104D2000103C0108F8240100683B0108DC65002004
:104D3000C13B010808B5FFF74FFD064A1378013360
:104D4000DBB21370DB0703D5BDE80840FFF7B2BD47
:104D500008BD00BFEC650020094A1388591C11806A
:104D6000084A12681AB1084909888B4204D2074AD6
:104D700012681344187D70475B1ADBB2D05C704731
:104D8000206600202C660020286600202466002073
:104D9000F8B50C46054628B91D4A40F22C411D487D
:104DA000FEF7C0F9EB689889FEF72AFAC20714D417
:104DB000194EE76830682B897968228903440A44D0
:104DC0009A1A002A0FDACB1A002B0ADA091A686835
:104DD00089B22981FEF78AFD03E020460024FFF70F
:104DE00001F92C60F8BDB889FEF70AFAC30707D5A8
:104DF000EB6801209F89FEF703FAEB68384398813E
:104E000027682046FFF7E0F83C46002FD1D1E8E7BD
:104E1000383C01085D3C010818660020F8B50646DC
:104E200028B91C4A40F283711B48FEF77BF91B4BE3
:104E30001F8867B11A4D00232B802B88BB4206D2F6
:104E4000FFF78AFF0128F8D0022801D0C8B9F8BDC1
:104E5000FFF782FF0428FAD12B880133BB42F6DA30
:104E6000FFF77AFF0402FFF777FFA4B244EA0003DA
:104E70009BB25A1EB2F5806F28BF4FF480637386D1
:104E8000DBE7FFF769FF0128E1D92B88023B1844D3
:104E90002880D2E7383C0108843C010830660020B5
:104EA0002066002010B5044628B90F4A40F25A2166
:104EB0000E48FEF737F90E4B187810F0100011D09D
:104EC000638BDB0606D4D4F890301BB16FF00E0173
:104ED0002069984721460748FFF77EF92046FEF7EC
:104EE000BDFE012010BD00BF383C0108A03C0108F8
:104EF00014660020D86500202DE9F84F06461746B5
:104F00000C46DFF8A490DFF8A8A0002C3AD0244B80
:104F10001D68E3685868FEF777F9E268B4F808801E
:104F200083469089FEF76CF9A5EB080310F00300A7
:104F3000A3EB0B0518BF01202D1A002D23DBD4E9AC
:104F400000B0FEF741FDB6F866300546834205D253
:104F50004A4640F264415046FEF7E4F8B6F866006F
:104F6000104A451B20461188A6F8665023890B4439
:104F70001380FFF729F8B6F8663073B1BBF1000F64
:104F80000BD11FB100242046BDE8F88F064A40F23D
:104F90006E410648FEF7C6F8F4E75C46B5E700BF89
:104FA000F46500200C660020383C0108F03C010844
:104FB000C83C01082DE9F84F044628B9374A40F2A9
:104FC00087413748FEF7AEF8237D032B05D8334AD7
:104FD0004FF491613348FEF7A5F8334B334E1B78FD
:104FE000334F13F0100F00F095803268314DB4F854
:104FF00060102B68D4E9150EA0EB020CBCF1000F79
:105000000CDB904203D1AEEB0300002806DB9E458B
:1050100013D129480068C08988420ED92648B4F8BF
:1050200062800068C0891FFA80FCA4F86000E04537
:10503000C4E9152338BFA4F86200626CD01A0028B6
:10504000C0F269813888002839D1B4F860C0714451
:10505000A06D6044884232D1B4F9301000292EDBB3
:105060009A422CD194F84330FF2B1CBF013384F8B3
:10507000433094F84330032B20D9B4F848204FF63E
:10508000FF71638E13449BB29A4288BF0B46A4F80B
:105090004830204601F07CFF11E000BF383C010899
:1050A000103D0108293D0108F86500201866002020
:1050B00032660020F465002024660020E9D0616B90
:1050C00041B3A36B2A689B1A002B23DAB34B89B236
:1050D000B3F800C0B4F93C30ACEB0102C3F3CF002D
:1050E000121A15B213FA82F2B4F93E30002D12B240
:1050F000A3EBA303B8BFA1EB0C01A287BCBF0918A7
:105100000DB22B449BB2E38703EBE203A4F84030DB
:105110000023636338883368626A002800F04483A0
:10512000217D062900F24083D51A012D00F19A81D4
:10513000591E0144891A0029C0F29481DFF8709247
:10514000D9F80480B8F1000F05D1954A40F29A5180
:105150009448FDF7E7FF4FF6FE739D4205D9904A4C
:1051600040F29B519048FDF7DDFFD9F80430ADB215
:105170001B89AB4205D28A4A40F29D518B48FDF70C
:10518000D1FFB9F8083000215B1BA9F80830D9F825
:1051900004301B895B1B9BB2B8F80A20AA42C0F0FE
:1051A000588129464046FEF77DFA636AD9F80C20FB
:1051B000336053603368626A991A0029C0F224820E
:1051C0006FEA030C208D02EB0C01C84200F11C8237
:1051D000934240F01382764DEB68B5F808809889C9
:1051E000FEF70EF810F00300238D18BF0120404495
:1051F00080B28342388040D2EB689889FEF700F88D
:10520000C20710D5EB68B3F80C80404628F47C58F0
:10521000FDF7F6FF00F03E00FDF7F2FFEB6848EA0D
:105220000008A3F80C80238D2B81EB689889FDF78B
:10523000E7FF8307686842BF2B8903F1FF332B81A7
:105240002989FEF753FBEB68B5F808809889FDF7CC
:10525000D7FF10F00300336818BF0120626A404492
:1052600080B238801844238D1344984205D04C4AAC
:1052700040F2D1514F48FDF755FF636F002B00F00E
:105280000081EB689889FDF7BBFFC00700F1F6804D
:10529000D4F8748030683B880344B8F1000F37D0ED
:1052A000D8F80CC0B8F80810DCF804201144591ADA
:1052B000002980F21281D31A002B29DAEB68121A26
:1052C0002A819889FDF79CFF8307686842BF2B8974
:1052D00003F1FF332B812989FEF708FBEB68B5F852
:1052E00008909889FDF78CFF10F00300336818BF11
:1052F0000120484480B238801844D8F80C305B68EC
:10530000984205D0264A40F202612B48FDF70AFF79
:10531000C4F87480B5E0D143D94200F19680216D84
:10532000C91A0029C0F29180618B480709D521F084
:1053300004016183B4F84A10A4F848100021A4F8CD
:105340006A10B4F93C00E18F636401EBE001A4F85A
:1053500040100021A4F84210217D032938D99B1A5E
:10536000B4F84A10B4F848209BB2914226D9618B18
:1053700011F4006F618E14BF0120022011FB00F1B7
:1053800089B2994294BF5018D01883B29A4201D979
:105390004FF6FF73A4F848301AE000BFE86500201C
:1053A000383C0108423D0108523D0108613D0108B9
:1053B000FC650020713D0108A73D0108B4F86A10A2
:1053C0000B449BB299422CD89A422CD9A4F86A304B
:1053D0002046D4E91B21FFF78FFDE16E02462067CE
:1053E0002046FFF789FD226FE066B2FA82F35B097F
:1053F0005B4223860023237708B9A4F868009A4902
:10540000B4F8643009880B44A4F86430638B190540
:105410007FF555AEBAB968B9638B23F40063638333
:105420004DE64FF6FF739B1AA4F86A30638E13445F
:105430009BB2ABE7C3685868FDF7E6FEE36CC01AA1
:105440000028E9DA3BE6D368F5E7204601F00CFED8
:1054500035E6AD1AA8F80830A8F80A10ADB2D8F8A9
:10546000008099E69B1A002BBEBF638B43F00203BA
:1054700063839FE603686367FEF7A6FD606F0028FD
:10548000F8D13A88336813446362238D934205D27E
:10549000764A40F20D617648FDF744FE238D2046A2
:1054A0003A889B1A2385FEF72DFD6B681A891AB17D
:1054B000704A136000236B60EB689889FDF7A0FECB
:1054C000C50704D56C4A137843F020031370DFF846
:1054D0009C81DFF8AC91674F7AE0BCF80C00FDF7D7
:1054E0008FFEC1071BD5EB689889FDF789FE8207FF
:1054F00015D4EB680120B3F80C90FDF781FEEB6842
:1055000049EA0000B5F808909881EB689889FDF7A2
:1055100077FE10F0030018BF012048443880D8F807
:1055200000904046FEF750FDC846B3E633609089D0
:10553000B5F808A0FDF764FE636A10F003009A4412
:1055400018BF01205044B4F828A06062EB68B5F899
:1055500008B09889FDF754FE10F0030018BF012031
:105560005844824505D2424640F231614846FDF733
:10557000D9FDEB68B5F808A09889FDF741FE10F059
:105580000300238D18BF01205044181A208520469F
:10559000FEF7B8FC69680B892BB1386838B3FEF7A1
:1055A00035FA00236B60EB689889FDF729FEC00788
:1055B00009D5314A137843F020031370237D042B5F
:1055C00004BF072323752B6828466367FEF7FCFC9E
:1055D000656F25B1EA68616A53688B42A6D0638B18
:1055E000D90706D523F0010343F0020303E0396035
:1055F000D7E743F001036383BDE8F88F656F45B9D2
:105600001E48FEF7F7FC60672046BDE8F84F01F042
:105610002BBD4FF0000803F1FF3EE868426893425B
:1056200015D116482B8902899A42EDD9FEF7E2FC82
:105630000028E9D0B8F1000F07D0C8F800002946CB
:10564000FFF7A6FBE0E70D46E7E76067F7E7B8F18D
:10565000000F17D1991A00293BDA0848FEF7CAFC57
:105660000028D1D06067EAE70C660020383C0108CA
:10567000E13D01081066002014660020FC65002052
:10568000FF3D0108D8F80C104968AEEB0101002974
:105690001FDB12EB0C0F1CD44948FEF7ABFC07468E
:1056A0000028B1D0D8F80C3031685A68B8F8083002
:1056B0001344CB1A002B07DA891AD8F8040089B2F0
:1056C000A8F80810FEF712F929463846C8F8007005
:1056D000B6E72968A8460029B5D1D31A002B93DA7A
:1056E0008089FDF78DFDC2078ED43548FEF782FC18
:1056F0002860002888D0EB6831685A682B891344E9
:10570000CB1A002B05DA891A686889B22981FEF75D
:10571000EDF83B8832681A44636A9B1A228DD342A3
:105720007FF572AF2B68DB689889FDF769FDC307C9
:1057300012D52B68DB68B3F80C80404628F47C58FF
:10574000FDF75EFD00F03E00FDF75AFD2B6848EACC
:105750000008DB68A3F80C803168238D2A685B1A87
:10576000616A0B4413812B6819895868FEF7BEF8EB
:105770002B681D89DB689889FDF742FD10F0030056
:10578000336818BF0120626A284480B23880184408
:10579000238D134498423FF437AF0A4A40F2FE612A
:1057A0000948FDF7BFFC2FE7991A002905DBDB4309
:1057B0001344228DD3427FF51FAF638B14E700BFE4
:1057C000FC650020383C0108713D01082DE9F04FCF
:1057D000054687B004F092FB25B9674A83216748E4
:1057E000FDF7A0FC6B68664E33606B89132B40F2AB
:1057F000BC80DFF8B481D8F80010D8F8140002F0AB
:10580000BDFC002840F0B180D8F8143003F0F0035C
:10581000E02B00F0AA8008F114030621284600932B
:1058200008F110032A8905F0C9FE0446002840F05B
:105830009C8033689889FDF7E3FC810A01F0FC0144
:10584000132940F292802B898AB28B42C0F08D805E
:10585000A2F114036889DFF854919BB2494F90423A
:10586000DFF84CA1A9F800303C6040D32846AAF8E4
:105870000030FDF717FF3468DFF838B12088FDF7F6
:10588000BFFC20803468404F6088FDF7B9FC608021
:1058900034686068FDF7B8FC60603468CBF80000DD
:1058A000A068FDF7B1FCA06034683860E089FDF7BE
:1058B000A7FC3368E0819889FDF7A2FC334A00F029
:1058C0003F03137083072A8949D1314B1A80314B2A
:1058D0004FF00009284A1C68DFF8DCA0002C6FD1CB
:1058E0002D4BDFF894A01C68DFF8D0905AE12B68AC
:1058F00023B9214AC2212948FDF714FC1421284666
:10590000FDF7D0FE6C89B9F8009028462146AAF828
:105910000040FDF7C7FEA9EB040A28681FFA8AFABF
:105920004389534521D3436851463B60FDF7BAFE96
:105930002B891C446B89A4EB09042C8123B10E4AEA
:10594000DF211748FDF7EEFB2B682A891B899A4255
:1059500091D0094AE0211348FDF7E4FB8BE7531C83
:105960000B499BB29A420B80B1D9284607B0BDE8DB
:10597000F04FFDF7BFBE00BF383C0108243E0108D0
:10598000246600202C660020F4650020F8650020C5
:1059900032660020D8650020F06500203C3E0108FA
:1059A0004C3E0108583E0108946B002030660020F0
:1059B00028660020186600209E3E0108443F01082A
:1059C000237D23B9FB21A548FDF7ACFBA44A237D29
:1059D0000A2B04D1FC215046FDF7A4FBA04A237DED
:1059E000012B04D1FD219F48FDF79CFB9C4A217AA5
:1059F00039B1D8F8043093F830300133DBB2994232
:105A000074D13368208B198888426FD1E18A5B8812
:105A100099426BD16168D8F81030994266D12168FB
:105A2000D8F81430994261D1E368A34240F054841D
:105A30008B4A40F20D118C48FDF774FBB9F1000F51
:105A400006D0E368C9F80C30884B1A681C60E26025
:105A5000E368A34205D1824A40F215118448FDF75C
:105A600061FBDFF82C9200232A89DFF828A2A9F82D
:105A700008203268DFF82082C9F80C207D4AC9F876
:105A80000030CAF8003088F8003013807A4BC9F82B
:105A900004501B781B0703D56B7B43F001036B732A
:105AA000A36F002B00F057812046FEF75DFE0D30FE
:105AB00008D0A36F002B00F04E81704B1B88002B89
:105AC00000F04981638D13B9204601F0CDFA00241E
:105AD0006B4BD9F804001C60CAF8004018B1FDF700
:105AE00009FEC9F8044007B0BDE8F08FA146E4689C
:105AF000F4E6237D0A2B05D0524640F21F1148469A
:105B0000FDF710FB227A3AB1D8F8043093F8303020
:105B10000133DBB29A4244D13368208B1A88904219
:105B20003FD15B88E18A99423BD16268D8F8103056
:105B30009A4236D12268D8F814309A4231D14E4B6D
:105B40001B785E073FF511AF4C4A16889A0718D5A7
:105B5000DBF80020636AA2EB030CBCF1000F15DB3D
:105B6000B4F828C09B1A1CEB030F0FD4454B3244EA
:105B700000930433CDE901102046396801F038FA6A
:105B8000F3E6DF0742BF404B1B682362002E3FF461
:105B9000ECAE638B204643F00203638301F094FA7A
:105BA000E3E6E468002CA4D1384BD8F804001A6866
:105BB0003168D8F814E09146B9F1000F16D1888900
:105BC000FDF71EFB42073FF5D0AE33682B4A18881D
:105BD000118802905B88DBF800200193294B0A446E
:105BE000009304333968D8F8040071E399F808C0C9
:105BF000BCF1000F05D090F830300133DBB29C458A
:105C00000CD1B9F816C04B889C4507D1D9F80030A3
:105C1000734500F03E83002B00F03B834C46D9F8DF
:105C20000C90C9E798077FF5A0AE99F81D2099F868
:105C30001C309A42BFF499AE99F81500FEF71AFC91
:105C4000074658BBD9F81830002B3FF48EAE0146FA
:105C50004FF0FF32D9F81000984786E6773E0108EA
:105C6000383C0108C83E0108EF3E0108D865002015
:105C70001A3F01080C660020F865002032660020FB
:105C80001C660020A46B0020E8650020E46500206D
:105C9000FC650020106600201466002099F81D3075
:105CA000013389F81D30438B43F400734383D8F8E4
:105CB00014300360D8F810304360B9F81630C3824E
:105CC00033681B88038303230375DBF8003001333B
:105CD0004362C362FEF71EFADBF80030B865013B91
:105CE00038657864F8657B65D9F81030C7F87C9022
:105CF0003B6199F8093003F00C037B7299F8083086
:105D00003B72A24B1A681F60FA6001F0A7FCA04B1F
:105D1000012238461A70FFF781F833683A1D7E8EEB
:105D2000DB8910460592A7F86030A7F8623002F0D0
:105D3000C3F8059A01463046FEF704FA1221788628
:105D4000384600F0EFFF20B121463846FEF7A4FAAE
:105D50000BE6384622E78F4B1C608F4B1A785107B1
:105D60003BD5217D022921D1226D3B689A4209D180
:105D700098F8003043F0080388F80030638B23F074
:105D80000103638398F80030180740F10382D4F8C8
:105D900090301BB16FF00D012069984721467B4878
:105DA000FEF71AFA2046FDF759FF90E6636ADBF822
:105DB0000020934208D0D11A0029E3DB9B1A228DE0
:105DC000D342DFD4638B0FE00029D1D1734A40F274
:105DD0003B317348FDF7A6F9CAE79207638B06D5F6
:105DE000227D023A012A02D943F00203C9E7DD0607
:105DF00020465EBF6B4B1B6823620023A4F89A30D9
:105E0000FFF70CF8644B1B7813F0020103D0227DDE
:105E1000023A012AB6D8227D023A072AB2D8DFE830
:105E200012F0080095001B011F0168011B0182018F
:105E3000A10103F01202122A69D1626C39680132A1
:105E40008A4264D1DBF800306264591C3268013B3D
:105E5000658E6162E162D28963650423A4F86020E3
:105E6000A4F86220E21823751046059202F024F887
:105E7000059A01462846FEF765F941F21C134200D7
:105E8000608681009A42154638BF1D46B5EB800FEB
:105E900031D98BB2A4F84830B4F866302BB93F4AF8
:105EA00040F277314048FDF73DF9B4F86630256F90
:105EB000013BA4F8663015BBE56E2DB9374A40F2B8
:105EC0007F313A48FDF72EF92B68E3662846FEF746
:105ED0007BF8236FB3B94FF6FF732386D4F888306D
:105EE000002B3FF46FAF00222146206998470D3008
:105EF0007FF468AFEBE59A4288BF93B2CAE72B689C
:105F00002367E3E70023238684F84230E6E7D806D8
:105F10007FF538AF3368264A1888118802902046EA
:105F20005B88DBF800200193224B0A440093043382
:105F3000396801F05DF894F84230032B3FF622AF48
:105F400000232046238601F085FA1BE751B1636ADE
:105F5000DBF80020013B93427FF414AF204600F0B1
:105F6000DBFF0FE7D9067FF50DAF636C3968DB43C4
:105F7000CB4260D4236D5B1A002B5CDB04232375BA
:105F8000E36FCBB92046FEF701FAA0E5D865002003
:105F9000DC6500201C660020F8650020383C010804
:105FA000713F0108E8650020913F0108A73F010803
:105FB00032660020A46B00209B692BB9A04A4FF4E5
:105FC0006E71A048FDF7AEF82046FDF783FEE36F43
:105FD0009B69002BD6D0002221462069984718B132
:105FE0000D303FF474ADCDE72046FEF7E3FF964A4F
:105FF00013880BB1013B1380618E41F21C134A00E0
:1060000088009A42154638BF1D46B5EB810F0ED960
:1060100083B2A4F8483098F800309A067FF5B2AE03
:10602000638B43F00203638307232375AAE69A4236
:1060300088BF93B2EDE73368844A1D8810880295C3
:106040005B88DBF800200193814B024420460093DB
:10605000043300F0CDFF95E62046FEF7ABFFDAE70C
:106060002046FEF7A7FF98F8003013F0200F794B79
:106070001B7830D013F0100F638B27D0216D3A6856
:10608000914223D1E26E0ABB43F0020320466383B0
:10609000FEF77EF8704A13689C4209D1E3681360EA
:1060A00008E0DA68944202D1E268DA6002E013465E
:1060B000002BF6D1694B01221A700A232375684B15
:1060C0001A681C60E26001F0C9FA5BE643F0020363
:1060D00063830823A9E7DB067FF554AE226D3B6896
:1060E0009A427FF44FAEE36E002B7FF44BAE062353
:1060F0009BE72046FEF75EFF98F800309F067FF58D
:1061000041AE638B204643F002036383FEF740F801
:10611000514A13689C42C1D0002BCBD0DA6894421C
:10612000C2D01346F8E72046FEF744FF494B1B78E0
:10613000DE067FF527AE226D3B689A427FF422AEE1
:10614000E36E002B7FF41EAE2046FEF721F8424A94
:1061500013689C42A2D0002BACD0DA689442A3D042
:106160001346F8E72046FEF725FF3A4B1B78DD067D
:106170007FF508AE226D3B689A427FF403AEE36E72
:10618000002B7FF4FFAD98F8003043F0100388F83F
:106190000030F7E52C4B1A882AB1D4F88030EBB9DF
:1061A0000023294A13802046FEF77CFE00287FF456
:1061B0008EACDAF800302BB3A36F2BB1204A4FF42A
:1061C000F3712848FCF7AEFF638BDAF8002013F078
:1061D000100309D01046FDF78DFAD3E62146206959
:1061E00098470D30DCD172E4D4F884500DB32146C9
:1061F0002069A84710F10D0F3FF469AC10B1DAF82F
:106200000030A36798F80030990605D5A36F6BB3EB
:106210005A7B42F020025A73134B002220461A6028
:10622000FEF740FE00287FF452AC204600F04CFF01
:106230004DE42B4621462846FEF77EFADAE700BFFA
:10624000383C0108BA3F01080C6600203266002085
:10625000A46B0020F8650020D8650020DC650020D4
:10626000F0650020D83F01081C660020238D42F60F
:10627000E062D4F8845093421CBF01332385002D83
:10628000CAD00023214620691A46A8470D30C3D141
:106290001DE43CB1D9F80C30E360124BC9F80C2076
:1062A000C3F80090104B1B785C073FF55EAB13F012
:1062B00010043FF4B7AC0D4BDBF800201C880B88B2
:1062C000224402934B880193094B009304333968AD
:1062D00000F0AAFEFFF749BBB9F1000F7FF4B1ABA4
:1062E000FFF7BFBBE4650020F865002032660020A0
:1062F000A46B0020024A137843F010031370704718
:106300001466002010B5044628B9064A40F29E5192
:106310000548FCF707FF6368987B013818BF012028
:1063200010BD00BFF43F01081A4001082DE9F843F1
:10633000089D80460C4617461E469DF8289025B9B4
:106340001B4AEC211B48FCF7EDFEBC422DD29DF808
:1063500024309A0709D46B8B5B0626D4B9F1000F61
:1063600003D0EB6E0BB92B6FFBB104F2034525F0A4
:106370000301B9420A4628BF3A4691B24FF420724F
:106380004046FDF719FA054660B103682BB1084A8B
:106390004FF487710848FCF7C5FE6B891B1B3380DF
:1063A0002C816C812846BDE8F8832146E6E700BFD2
:1063B000F43F0108404001085F4001082DE9F04723
:1063C0000E46904699469DF820A0074620B92D4AD2
:1063D000A6212D48FCF7A6FE26B92A4AA7212B485C
:1063E000FCF7A0FE4FEA8A05022005F095F9044665
:1063F00005F0040528B93046FDF77CF92046BDE8D4
:10640000F087002380F80AA01FFA85FAC0E9003659
:106410003389AB4204D21B4AB3211D48FCF782FEEC
:10642000338930461421A3EB0A032381FDF736F9A3
:10643000064620B120460024FDF7C6FDDEE763686E
:10644000AD02D3F804A005F5A045C4F80CA0F88A65
:10645000FCF7D6FEAAF80000D4F80CA0388BFCF7A5
:10646000CFFEAAF80200E7684846FCF7CDFE786048
:1064700045EA0800E768FCF7C3FEB881E3689E744C
:10648000DE74BBE7F43F0108744001089440010842
:10649000B54001082DE9F04385B004460D46164687
:1064A000DDF830801F46B8F1000F05D1134A40F2E5
:1064B000A1711348FCF736FED5F8049033462A89BB
:1064C00006212846009705F079F8A9F810009CB13C
:1064D000E37AA47A062231462846CDF80880CDE931
:1064E00000423A4601F038FE04462846FDF702F91C
:1064F000204605B0BDE8F083FF23EBE7F43F010839
:10650000CC40010814312DE9F04189B20646174606
:1065100024204FF420729846FDF74EF9054640B30B
:106520004389132B05D8144A40F227711348FCF70E
:10653000F9FD6C684046FCF763FE2080BDF818004A
:10654000FCF75EFE676060803046FCF75DFEA06091
:106550009DF81C0040F4A040FCF752FEA081BDF85D
:106560002000FCF74DFE0023E08123746374A374C4
:10657000E3742846BDE8F081F43F010800410108BA
:106580007FB50D461646044628B90C4A40F24671BE
:106590000B48FCF7C7FD638D324629460293102352
:1065A0000193238B0093E38A606AFFF7ABFF18B176
:1065B000628D636A1344E36204B070BDF43F010866
:1065C0003041010828B9034A40F25A710248FCF7E9
:1065D000A9BD7047F43F0108584101087FB5054641
:1065E0000C461E462AB9134A40F2C4711248FCF701
:1065F00099FD2EB90F4A40F2C5711048FCF792FD83
:106600002846FCF701FE14234EF22E0102462046D6
:10661000CDE90131BDF8243000210093BDF82030D0
:10662000FFF770FF044608B1FFF7CCFF204604B027
:1066300070BD00BFF43F0108804101089A41010884
:10664000F7B5044617461E460D4629B90F4A40F2D3
:106650008A710F48FCF766FD5CB1207A48B1FCF7FF
:106660002BFE50B92846FDF745F86FF0030003B044
:10667000F0BD304601F020FCF3E7009033463A4687
:1066800029462046FFF706FFF1E700BFF43F010867
:10669000B84101082DE9F04F2DED028B8FB0044673
:1066A0000893002307910492ADF8363030B96FF0AB
:1066B0000F000FB0BDEC028BBDE8F08FB0F8623078
:1066C000428E5B08934228BF1346002B08BF134637
:1066D000069303F013FC079B002BE8D0237D072BC8
:1066E00003D0023B022B00F24A82049BD3B1B4F8E0
:1066F0006430049A934206D2638B43F08003638331
:106700004FF0FF30D5E7B4F866202D2AF4D8236F78
:10671000F2B13BB9E36E2BB9AB4A4FF4AC71AB4865
:10672000FCF700FDB4F86630E66E0593D6B9B4F810
:106730006870002F00F0AE81A34A40F24D21A448BA
:10674000B046B246B14635463746FCF7EBFC86E02C
:1067500013B9E36E002BE5D09B4A40F25B119D48D4
:10676000DEE75646D6F800A0B046BAF1000FF8D1E1
:10677000B57A3389AD00069A05F004052B449A4298
:1067800005DA914A40F2E9119348FCF7CBFC3789CE
:10679000069BDF1B7F1BB4F86850BFB2ADF83650C4
:1067A000002D65D0BD4205D9874A40F2FB118B48C8
:1067B000FCF7B8FCBDF83630049A9A4228BF1A4656
:1067C000BA42154628BF3D465B1B7F1B9BB2BFB23A
:1067D000ADF836304BB1049BAB4200F060817A4A91
:1067E00040F203217E48FCF79DFC049B9D4280F013
:1067F0005681002F00F04B81B8F80890B9F1000FD6
:1068000000F04681A3EB0509089BB945A8BFB9462E
:10681000DB071FFA89F62DD501233A4631460020C1
:106820000293089BCDE900430DF13603FFF77EFD8F
:106830008346002800F0A081079B32464068591922
:10684000FBF79CFD5846FDF7BFF8059B4FF000098C
:1068500003449BB20593AF19DA464646BFB2089B84
:106860004FF0000B03F00103CDF824B00A93DEE0F3
:106870002E46BAE7D8F804B05A46DBF800B0BBF1B0
:10688000000FF9D1137B13F0C00F0ED1518953685B
:10689000079A0B449A4208D12DB14B4A4FF40D711F
:1068A0005048FCF73FFCB146D5E7012231460020B5
:1068B000FCF782FF8346002800F05E81079B2B4493
:1068C0004360C0E7049B069ADB1B9BB2934228BF40
:1068D00013469BB208EE103A0A9B6BB3BBFA8BF3DC
:1068E00018EE101A38205B090293089BCDE900438B
:1068F0000DF13603FFF71AFD064600283CD0438908
:1069000018EE102A934205D22F4A40F269213648E8
:10691000FCF708FC079B18EE102A7068D919FBF7E2
:106920002DFD3046FDF750F8059B03449BB22E2BFE
:1069300005935FD930461DE0BDF836302BB1224AB1
:106940004FF41D712948FCF7EDFB012218EE101AD7
:106950003820FCF731FF78B1079A00210B903A44B8
:1069600042604FF420723820FCF726FF0B9B06464E
:1069700030BB1846FCF7BEFE638B43F08003638395
:10698000BAF1000F02D05046FCF7B4FEBBF1000F85
:1069900002D05846FDF726FBB4F86630002B3FF4D2
:1069A000AFAE236F002B7FF4ABAEE36E002B7FF412
:1069B000A7AE054A40F22A310D48FCF7B3FB9FE62B
:1069C0001946FDF723F8ACE7F43F0108E44101085C
:1069D000CE4201081E4201085042010867420108E8
:1069E00087420108A5420108FD4201083B43010816
:1069F000C7430108E36D0022314620463B44009224
:106A0000FFF7DCFC06460028B6D0BBF1000F3CD0F7
:106A1000099B2BB95B4A40F2AE215B48FCF782FB35
:106A2000099B1E6018EE103A09961F44BFB2049BE2
:106A30009F42FFF447AF5746DA464DB1D8F804B04D
:106A4000BBF1000F2ED1B8F808301D44A8F808504B
:106A5000BDF83630A4F86830002F3CD0B8F1000FF4
:106A600005D1484A40F2E3214848FCF75BFB394630
:106A7000D8F80400FCF7CAFFB8F808303A89134484
:106A8000A8F80830C8F800A04CE08346CAE7B94629
:106A90002F46E4E6B9463D46B846BA46DFE600274B
:106AA000B946CAE7BBF808302B44ABF80830DBF82E
:106AB00000306BB9DBF804302A46BBF80A000799AE
:106AC0001844FBF75BFCBBF80A302B44ABF80A30E8
:106AD000DBF800B0B4E7B9F1000F1ED0B8F1000F39
:106AE00002D0D8F804302BB9264A40F2E9212848D0
:106AF000FCF718FBD8F804301A8919684A4492B296
:106B00001A8141B95A894A445A81B8F808309944DF
:106B1000A8F80890B6E70B46EEE7B8F1000FB1D140
:106B2000C4F86CA0E36D049A1344B4F86420E365E0
:106B3000049BD21A059BA4F86420A4F866304BB1DC
:106B4000236F3BB9E36E2BB90E4A40F21531114861
:106B5000FCF7E8FA76B1F06800283FF4AAAD089B8C
:106B600013F0020406D185890820FCF749FBF3687D
:106B70002843988100209CE54FF0000BFCE66FF065
:106B80000A0096E5F43F0108494301085A43010809
:106B900092430108C74301082DE9F74F0D46064609
:106BA00028B95B4A40F24E315A48FCF7BBFAF46E02
:106BB00014B94FF0FF3008E055B9574840F256314C
:106BC000534AFCF7AFFA6FF0050003B0BDE8F08F51
:106BD0002389AB4201D80020F7E7738EAB420DD278
:106BE0004B4A40F25E314D48FCF79CFA23892BB9A1
:106BF000474A40F25F314A48FCF794FA94F80AB0E9
:106C00004FF42072B4F808A038204FEA8B07AAEBA3
:106C1000050107F004071FFA81F817FA81F189B21C
:106C2000FCF7CAFD81460028C3D060682289038929
:106C3000D9F804109B1A424639442B449BB2FCF706
:106C400091FF404560D1E3689889FCF7D9FA10F0CC
:106C50000808C7B216BF4FF0080807F03F0707F053
:106C60003707FB07E36848BF48F00108586848BF8A
:106C700007F0FE07FCF7C8FA42462B184946304693
:106C8000CDF800B0FFF79AFB8046002891D06068ED
:106C9000A5EB0A05FCF798FEB6F866301FFA85F9F1
:106CA000181AA6F866006068018911FA85F189B2A0
:106CB000FCF71CFE238938469944E368A4F8089041
:106CC0009D89FCF79DFAE368284398816068FCF78A
:106CD0007BFEB6F866301844A6F86600D8F80400C3
:106CE000FCF772FEB6F866301844A6F86600236812
:106CF000C8F80030C4F80080D8F8000000287FF4FD
:106D00006AAFA6F8680060E74846FCF7F3FC50E776
:106D1000F43F0108E84301080A4401082C44010833
:106D2000394401082DE9F74311F0030804460E46E3
:106D300005D13B4A40F213413A48FCF7F3F92CB92C
:106D4000374A40F215413848FCF7ECF9C6F34007E2
:106D50004FF4207238204FEA87094946FCF72CFD92
:106D6000054640B9638B4FF0FF3043F080036383E7
:106D700003B0BDE8F08343894B4505D2284A40F271
:106D80003D412A48FCF7CEF9294600973246E36D8B
:106D90002046FFF713FB05460028E3D0C3689A0797
:106DA00005D01F4A40F246412148FCF7BBF92B8928
:106DB0002BB11B4A40F247411E48FCF7B3F9E36E82
:106DC0003BBBE5660023A4F86830B8F1000F02D0A1
:106DD000E36D0133E365F30742BF638B43F02003A8
:106DE00063836868FCF7F0FDB4F86630184480B23D
:106DF000A4F866000028BBD0206F40B9E46E002CD8
:106E0000B6D1074A40F269410B48FCF78BF90020E4
:106E1000AEE71A461B68002BFBD11560D2E700BF16
:106E2000F43F0108484401089D440108BC4401089E
:106E3000F54401080D45010837450108F8B5044639
:106E400028B9134A40F2EF311248FCF76BF9E56EAE
:106E50004DB12F462D68002DFBD1FB689889FCF7BA
:106E6000CFF9430705D020460121BDE8F840FFF7E0
:106E700059BFFB6801209E89FCF7C2F9FB683043CB
:106E800098812846638B43F020036383F8BD00BFDD
:106E9000F43F0108604501082DE9F041044628B996
:106EA0001B4A40F267611B48FCF73CF9256F45B966
:106EB0006FF00500BDE8F081FFF724FA0028F7D154
:106EC0002D682B682846002BF6D1FFF71BFA0646E3
:106ED0000028EDD1E36E2B60236FC4E91B30638B78
:106EE00043F400636383EB685868FCF78DF9EB6843
:106EF0000746B5F808809889FCF782F910F003037B
:106F00004744304618BF012366633B44E364D1E73E
:106F1000F43F01087C450108F8B5044628B91A4A2F
:106F200040F2C5611948FCF7FDF8256F15B96FF0FF
:106F30000500F8BD2846FFF7E5F90028F7D12B68D2
:106F400004F16C062367336883B933682B603560BE
:106F50002B680BB9A4F8683094F842300020FF2B5E
:106F600060631CBF013384F84230E2E7DB68586895
:106F7000FCF74AF9EB6807465868FCF745F9381AF8
:106F80000028E2DA3668DEE7F43F0108A045010890
:106F900038B5044628B9144A40F2FD611348FCF79D
:106FA000C1F8236FFBB1638B5B071CD42046FFF74E
:106FB000B3FFC0B9B4F86010B4F8483020869942E5
:106FC00028BF1946638E5D004A10B5EB510F2B4464
:106FD00088BF2A461344A4F84A20A4F84830638B9B
:106FE00043F00403638338BDF43F0108B84501084A
:106FF0007FB5BDF824500446BDF828600846114608
:107000001A46089BCDE90056CDE90223FFF7E6FAC0
:10701000014638B12046DDE9022304B0BDE87040E6
:10702000FFF70EBB04B070BDF0B585B00D46044649
:107030001146BDF82C601A46BDF830700A9B88B125
:107040002846CDE90067CDE90223FFF7C7FA0146DC
:1070500040B100200A94DDE9022305B0BDE8F0400C
:10706000FFF718BA05B0F0BD38B5044628B9144A80
:1070700040F62D011348FCF755F8206DFCF7C4F8D5
:10708000002102462046FFF77BFA054630B9638BA4
:107090006FF0010043F00303638338BDFFF792FAFA
:1070A000231D224629462046FFF7CAFA638B18B1F2
:1070B00043F003036383F0E723F00303FAE700BF21
:1070C000F43F0108D84501082DE9F04F044687B088
:1070D00002F014FF2CB9904A40F2E5418F48FCF7CA
:1070E00021F8237D012B05D18B4A40F2E7418C48E2
:1070F000FCF718F88B4B1B68A34200F07281E56E19
:107100004DB9638B990740F16881204607B0BDE80F
:10711000F04FFFF7A9BF207A04F10409B4F84880C2
:10712000B4F8606040B3FCF7C7F80746002800F0E9
:10713000718123680BB903682360EB68B045586818
:1071400028BFB046FCF760F82B89626C9B1A184484
:10715000404515D9B4F860304345D2D1236F002B98
:10716000CFD194F89930002BCBD14FF4807284F8B2
:107170009A30A4F89820C4E7484600F09DFED4E772
:107180000023266F84F8993026B133463668002EE6
:10719000FBD11E46DFF880A1E2E0237D022B09D05F
:1071A000EB681020B3F80CB0FCF72AF8EB684BEA58
:1071B000000098812846FFF7A5F8002877D1D5F878
:1071C0000CB0606AFCF720F8CBF80800D5F80CB0DA
:1071D000608DFCF715F8ABF80E00628D636A1344FE
:1071E000E362AB7AD5F80CB0DB0751D40BF1140B8A
:1071F000B4F93030002BBCBF00232386636B3BB94E
:10720000494B1B686363EB685868FBF7FDFFA0639D
:107210006968EB684A689B1A4A899BB2D21A4A810C
:1072200069680A89D31A0B816A68EB685360002287
:107230001A745A74AB7AEA689B0003F0040314339F
:1072400013449B4505D052464FF4C4613748FBF7C1
:1072500069FF68682346D5F80CB006210289CDF88D
:10726000009004F0ABF90623ABF810004A460193F6
:107270002146A37A02970093E37A686800F06CFFD6
:10728000A8B1638B43F08003638307B0BDE8F08F40
:107290004A4639464FF480600BF1180BFCF752FF59
:1072A00040F00170FBF7B0FF4BF8040CA0E72B682F
:1072B000E366237D022B1EBF638B23F003036383EE
:1072C000EB685868FBF7A0FF2A89EB6883460592B4
:1072D0009889FBF795FF059A10F003035A4418BFED
:1072E00001231344226DD21A002AB8BF2365EB682C
:1072F000B5F808B09889FBF783FF10F0030018BFBA
:10730000012010EB0B0F00F0818000232B60236F16
:1073100073B925672E4620E0F43F0108F8450108BF
:10732000104601081C660020E86500204D46010853
:10733000EB685868FBF768FFF36883465868FBF70B
:1073400063FFABEB000000285EDA04F170031A68FB
:10735000002A48D11A682A601D60E56E002D39D0D8
:10736000EB685868FBF750FF636CC01A2B89184410
:1073700040452DD8EB689889FBF742FF420705D5B9
:10738000524640F23A512548FBF7CCFE236F002BC2
:107390003FF403AF628B12F0440F7FF4FEAEE36E56
:1073A00043B1196800297FF4F8AE1989638E9942B8
:1073B000BFF4F3AEB4F86430002B3FF4EEAEB4F893
:1073C00066302D2B3FF6E9AE12F0A00F7FF4E5AE4C
:1073D000E36E13B90023A4F86830638B23F08003B5
:1073E0006383002051E7D26805935068FBF70CFFD8
:1073F000EA6883465068FBF707FFABEB0000059B8C
:107400000028A7DA1B68A2E7356083E72846FCF767
:10741000DBFDA2E76FF0030037E700BF3646010847
:1074200010B5044628B9094A40F29C610848FBF7A8
:1074300079FE94F842302046FF2B1CBF013384F8BC
:107440004230BDE81040FFF73FBE00BFF43F0108E7
:107450006046010810B5044628B9084A40F2B161F7
:107460000748FBF75FFE2046FFF716FD20B92046D0
:10747000BDE81040FFF7D4BF10BD00BFF43F0108C6
:107480008446010870B5044628B90F4A40F66701E2
:107490000E48FBF747FE206D0138FBF7B5FE0021D3
:1074A00002462046FFF76CF8054648B1FFF78AF818
:1074B000231D224629462046BDE87040FFF7C0B88C
:1074C0004FF0FF3070BD00BFF43F0108A046010837
:1074D0002DE9F041064628B92B4A40F692012B4887
:1074E000FBF720FEF56E002D48D096F89A30FF2B62
:1074F0001CBF013386F89A30EB689889FBF780FE51
:1075000010F00104EB68304618BF2C895A681CBF84
:10751000B4FA84F4640984F00101FFF731F80746F6
:1075200078B3D0F80480F4B1B8F90C401120FBF71F
:1075300067FE24F47C542043A8F80C00EB685868DC
:10754000FBF762FE336D01301B1A002BB8BF3065AC
:107550003846FFF737F8331D324639463046BDE826
:10756000F041FFF76DB8686808F114012A890389B2
:107570009B1A01229BB2FCF7F5FADFE72846BDE82B
:10758000F0814FF0FF30FAE7F43F0108BC460108F4
:1075900070B504460A200E46154604F0BDF830B911
:1075A000104ABE211048BDE87040FBF7BBBD002368
:1075B0000E4A446003601368C0E902650BB91060AD
:1075C00070BD5968611A002901DA0360F7E71946AE
:1075D0001B681BB15A68A21A002AF8DA0360086017
:1075E000EEE700BFE04601080747010838660020C3
:1075F00038B543680446984702F0AEFD074B25684E
:107600001B6807492B441A1A002A2246B4BF4019A6
:107610001846BDE83840FFF7BBBF00BF3466002006
:10762000F175000870B504460D46164602F066FC7A
:10763000B4F1804F05D3074A40F229110648FBF701
:1076400071FD02F089FD324629462044BDE87040B4
:10765000FFF79EBFE04601084447010808B502F065
:107660004DFC094B1A6872B9084A126812B9084AE7
:10767000126842B101220749FA201A600022BDE8CF
:107680000840FFF7CFBF08BD3C660020D86500204A
:10769000F06500209976000808B5FDF74BFB084B14
:1076A0001B6813B9074B1B6833B100220649FA2047
:1076B000BDE80840FFF7B6BF044A136008BD00BF2D
:1076C000D8650020F0650020997600083C6600200F
:1076D00010B5084C4FF47A70074904F10802FFF71F
:1076E000A1FF04F1100204494FF47A70BDE8104084
:1076F000FFF798BF7C470108F17500082DE9F041BC
:1077000002F0FCFB0D4E02F027FDDFF8348004464A
:10771000316889B14B68E21A002A0DDB0A680A2039
:10772000C8F800303260D1E9025704F001F8002DAA
:10773000EED03846A847EBE7BDE8F0813866002078
:107740003466002010B5084C02F0D8FB23683BB12A
:1077500002F002FD23685B68181A48BF002010BDC4
:107760004FF0FF30FBE700BF386600202DE9F843FB
:107770001823124D06464343EC58C4B1DFF840804D
:10778000DFF84090274624687B6823B942469B2156
:107790004846FBF7C7FC7868FBF7ACFF3946092081
:1077A00003F0C6FF002CEDD118237343EC501820D2
:1077B000002300FB06552B75BDE8F88340660020CA
:1077C00094470108BE4701082DE9F347DDF82CA0D6
:1077D000884691461E46074628B92C4A40F2694120
:1077E0002B48FBF79FFC4FF420721C211020FBF765
:1077F000E3FF0546002845D043891B2B05D8234AC3
:1078000040F274412348FBF78DFC6C68BDF83400EE
:10781000FBF7F6FCE08097F82C30062B05D01B4ACE
:1078200040F27B411C48FBF77DFC33684246294609
:107830003846A360B3880026A381DAF80030C4F884
:107840001230BAF80430E3820A9B1B68C4F80E3089
:107850000C9B1B682670A3610123E67063700823EC
:10786000A370062323710423637140F6060300937B
:107870004B4602F0D1FA2846FBF73CFF304602B0F7
:10788000BDE8F0874FF0FF30F9E700BF94470108EB
:10789000CC470108DA4701080B4801082DE9F74FEA
:1078A00000234FF00A0C3C4A80466546E6469A465D
:1078B000994664461646019100930A2C18B292F834
:1078C00014B017D1BBF1000F57D0B8F1000F04D09E
:1078D000D8F8007051688F4242D0BBF1010F578A2F
:1078E00046D1116800293ED000998F4205D38446C5
:1078F000009702E0BBF1000FE7D1013318320A2BE9
:10790000DBD1019B012B40D10A2C0FD10A2D36D09F
:1079100018236B43F3582BB1204A4FF4B77120481A
:10792000FBF700FC2C462846FFF720FF182303FB3B
:1079300004631B7D2BB1194A40F285111948FBF7EE
:10794000F1FBB8F1000F05D01823D8F8002003FB95
:1079500004635A601823204603FB046600237382E5
:1079600003B0BDE8F08F4F45C7D3B9468646C4E79C
:107970005745C2D3BA460546BFE70446BDE7BEF148
:107980000A0F05D1BCF10A0F04D14FF0FF30E7E731
:107990007546C7E76546C5E740660020944701087D
:1079A0004C480108634801082DE9F04F0C4687B0A8
:1079B000804602F0A3FA002C4AD0D8F804502B8855
:1079C000B3F5807F08D12B79062B05D16B79042B79
:1079D00002D16B88082B05D0404607B0BDE8F04FB8
:1079E000FBF788BED5F80E3005F1080AAF692668A6
:1079F000049305977EB3F21BF11A574257414E424A
:107A0000C7F102094E415FFA89F994F82C30062B30
:107A100005D0324A4FF4D5713148FBF783FB049807
:107A2000E8B9EB88B3F5807F0FD177B16EB9022248
:107A300004F126032046039204AA1946CDE901A2C7
:107A400005AA00925246FFF7BFFE4046FBF752FEE2
:107A500007B0BDE8F08F37464FF00209D5E7214661
:107A600000F08CFB83460028DBD1049B03F0F0037D
:107A7000E02BD6D0494604A8FFF710FF031ED0DB49
:107A8000184A1820022100FB032989F814100C2140
:107A9000C9F8084013FB0013A868D118D050BAF8F1
:107AA00004308B80A9F812B0D9F800100029B8D0A2
:107AB0000B680920C9F80030D1F804B003F038FE93
:107AC0004FF4006304F126025946204600935346C2
:107AD00002F0A2F95846FBF70DFEE5E794470108CE
:107AE000AC480108406600201FB5012400F12603C0
:107AF000054ACDE902140549CDE900011946FFF711
:107B000063FE04B010BD00BF184E0108204E0108EE
:107B1000F8B5134C002502260427227D6AB1638A3A
:107B200001339BB2B3F5967F638203D2012A09D158
:107B3000042B0FD92846FFF719FE013518340A2DFA
:107B4000EBD1F8BD032A01D12775F6E7042AF4D159
:107B50002675F2E7211DA068FFF7C6FFEDE700BF1D
:107B6000406600202DE9FF47234F1823064688462C
:107B700003FB027314461B7D012B05D81F4A4FF4EB
:107B80003E711F48FBF7CEFA182204EB440506F1BC
:107B9000260902FB0474ED00237D05F10C0A022B7B
:107BA000BA440BD1638AB3F58E7F13D904353046BE
:107BB0007919FFF799FF08B9032323754FF4006380
:107BC0004A46414630460093534602F025F904B038
:107BD000BDE8F087B3F5877FF0D301230435524623
:107BE00049463D440393074B30460295CDE9006377
:107BF0004B46FFF7E9FDDEE74066002094470108A9
:107C0000D0480108204E01082DE9F74389468046F7
:107C100001461546D9F8000000F0B0FA002840F0FF
:107C20008980D9F8003003F0F002E02A00F0828069
:107C3000002B7FD001214846FFF730FE071E03DAF4
:107C400078B203B0BDE8F0837E2F05DD4A4A40F2EA
:107C5000CB314A48FBF766FAFFB2494E182303FBC3
:107C600007631A7D002A40F081800124C3F8088050
:107C70001C7549464046FFF737FF38B9182303FB08
:107C800007631A7D012A01D104B95882002DD8D08A
:107C9000182303FB0762127D012A10D9394A03FB1E
:107CA00007632946404617704FF400620C33009278
:107CB00008F1260202F0B0F8C3E72C46D9E7C0D19C
:107CC0002C46DFF8B480DFF8C090628923899A429D
:107CD00007D123682BB1424640F203414846FBF7E7
:107CE00021FA237B5B0628D42468002CEDD128469A
:107CF000FBF772FE2AE0013223461C68002CFAD101
:107D0000022A186003D820469BE70122F5E71823D2
:107D10005F43F5592B68F3516868FBF7EBFC294684
:107D2000092003F005FDEEE72846FBF7E3FC4FF0E2
:107D3000FF3086E76FF00F0083E72A464FF420718B
:107D40001020FBF73DFF05460028F0D0092003F086
:107D5000E3FC0028E8D0182200237A43C0E900356C
:107D6000B358002BD1D1B05018466AE7002DA4D0EB
:107D70004FF0FF308CE700BF94470108004901082D
:107D800040660020306700200E490108F0B5044627
:107D900085B00E46154602F0B1F82CB93F4A4FF4B3
:107DA0004A713F48FBF7BEF92EB93C4A40F22931EF
:107DB0003C48FBF7B7F92DB9384A40F22A313A4826
:107DC000FBF7B0F92146286800F0D8F9002860D107
:107DD0002B6803F0F002E02A1ED101238DF8090080
:107DE0008DF808305E238DF80A306B7803F07F033E
:107DF0008DF80B30AB788DF80C30EB788DF80D30BA
:107E000002AB4FF4006231462046009204F1260294
:107E100002F002F805B0F0BD226861685A400A42DB
:107E200008D09BB24FF6A962934203D0A36893B3E4
:107E300004F10805DFF87CC018211C4B9CF80020D9
:107E400001FB0233197D01290AD929685B6899422F
:107E500006D13146204605B0BDE8F040FFF782BEAE
:107E6000124900230F7DDAB2012F06D948682F6826
:107E7000874202D18CF80020EBE7013318310A2B3E
:107E8000F0D132462946204605B0BDE8F040FFF764
:107E9000BBBE074BB5E76FF00300BBE79447010893
:107EA000CC470108323601088C48010840660020A2
:107EB000184E0108306700200A4A0346106878B15E
:107EC00090F82D2002F00502052A06D1026832B191
:107ED0001B787F2B08BF002070470020704710469A
:107EE000704700BFD06500202DE9F84304460E46D8
:107EF00002F004F867683D782B09042B05D0204672
:107F0000FBF7F8FB0020BDE8F883788805F00F0543
:107F1000FBF776F923894FEA850881468342454677
:107F200003D901462046FBF7E1FC6389AB42E6D367
:107F300023894B45E3D3132DE1D92946384603F075
:107F40003FFB0028DBD13869384D00F0F002686152
:107F5000FB68E02A2B6196F82D3003F001033BD13A
:107F600013B13368002B43D14FF000093146286923
:107F700000F004F90028C2D12B6903F0F003E02BD4
:107F8000BDD0B9F1000FBAD0FB8823F0C00333B1E4
:107F9000204600F009FB04460028B3D04768AF60D4
:107FA00041462046C5E900963B7803F00F039B004D
:107FB000AB81FBF777FB7B7A012B1BD0062B1ED105
:107FC00031462046FDF702FC0023C5E90033AB60D3
:107FD000AB81C5E9043395E7002BC5D03368002B8E
:107FE000C2D0984204D0314600F0C8F80028BBD077
:107FF000B146BBE73146204603F0F8FBE4E74946CB
:10800000686900F0BBF860B96B6903F0F003E02B1E
:1080100007D041462046FBF765FB0221204603F0CE
:1080200095FC2046FBF766FBCEE700BF946B002073
:108030002DE9F74F04469A46884616469DF830903B
:108040009DF834B00E9F01F059FFA37B012B05D0A2
:108050003C4A40F276313C48FBF764F8002E62D08F
:1080600014212046FBF71AFB20B16FF0010003B08A
:10807000BDE8F08F63896568132B05D8314A40F25B
:10808000AA313248FBF74EF885F808A0452385F859
:1080900009B04BEA0A2A326885F801904FEA0929AB
:1080A0002B7049EA0309130C2A6113FA82F24FEA92
:1080B0002A232089914443EA0A23DFF898A019FA79
:1080C00083F9FBF79DF8002368808144BAF800002B
:1080D000AB71EB71FBF794F8BAF8002000EB0903E1
:1080E000A8800132AAF80020B8F1000F18D1184A70
:1080F000126813FA82F3EA6003EB12439AB202EBBE
:10810000134303EB1343DB436B81BB8C9BB122898D
:108110009A4210D932463946204600F01BFCA6E7A9
:10812000D8F80020E5E76389132B9ED9636801AE78
:108130001B690193E9E73B69324621463846984777
:1081400095E700BF284901084F4901085B4901082C
:10815000B449010832670020F0B4069C9DF8105025
:108160009DF814601AB109B10F6807B9214604954A
:10817000CDE90564F0BCFFF75BBF0000431E02467B
:10818000033312D891F82D3013F0020010D00B6891
:1081900093420CD048685340034208D1C34322EABB
:1081A0000000C31A58425841704701207047002010
:1081B000704700002DE9F04385B00D4690F900208E
:1081C00004236E46DFF838C13746D1B211F80C10DF
:1081D00011F0040100F08B80302A27D190F90120A2
:1081E00022F0200158290DBF90F9022001304FF0F4
:1081F000080E023008BF4FF0100E01300024D1B23B
:1082000000F1FF381CF8011011F0040F11D0BEF17D
:10821000080F04D1A2F13009B9F1070F1AD804FBF5
:108220000E24303C90F900200130E8E74FF00A0EB0
:10823000E3E7BEF1100F0DD111F0440F0AD001F0A9
:1082400003010A3202290CBF61214121521A42EA7C
:108250000414E7E72E2A08D1013B48D008F10100B9
:1082600098F9012046F8044BAFE712B111F008006D
:108270003ED0F01B80100130042832D8DFE800F037
:10828000380B03122000B4F1807F30D2009BFF2B0B
:108290002DD844EA03641DB12046FAF7B5FF2860E3
:1082A000012025E0B4F5803F21D2009AFF2A1ED894
:1082B000019BFF2B1BD81B0443EA02631C43EAE724
:1082C000FF2C14D80099FF2911D8019BFF2B0ED841
:1082D000029AFF2A0BD81B0443EA016343EA0223F4
:1082E000ECE7054AFB210548FAF71CFFD3E700201D
:1082F00005B0BDE8F08300BF884901088F5A010826
:108300002D6101082DE9F74F0D4603680DF1040CAE
:10831000042000264FF00A0E4FF02E0801931CF89F
:10832000014B0027A2460DF1080BB4FBFEF30EFB38
:108330001349DCB23B46BAF1090F07F1010709F115
:1083400030099B44FFB20BF8089CEBD80CF8014CA9
:1083500037462C46FF2B06F101060DD1974218DA5D
:108360000138254610F0FF0005F8018BD7D12070A9
:10837000084603B0BDE8F08F5D1E9742EDB208DA03
:1083800002AF3B44374613F8083C04F8013B2B4648
:10839000E0E70020EDE7000038B50C4B04460D4641
:1083A0001A68824207D102681A6021460320BDE89C
:1083B000384003F0BDB929B9054A40F245110548D6
:1083C000FAF7B0FE23682B60EFE700BF38670020A4
:1083D000B8490108E449010881422DE9F047044603
:1083E0000E4604D12C4AAB212C48FAF79BFE3EB135
:1083F0003368A34204D0284AAD212948FAF792FEF7
:1084000067687B689A8882BB1B6804F11C01636003
:1084100004F108037A6853F8040B8B4242F8040B0A
:10842000F9D10121384603F095FA3846FBF7CCFA2A
:1084300005463846FBF75EF96768DFF85C80DFF8D1
:108440006C90A7B92046174C3146FFF7A5FF23884B
:10845000AB4204D2104AD2211348FAF763FE2388B4
:1084600028465B1B2380BDE8F0870025E4E77B6896
:108470003846D3F800A0FBF7A7FA0544B5F5803FCE
:1084800004DB4246CC214846FAF74CFE3846ADB2F2
:108490005746FBF72FF9D4E7B8490108004A01080D
:1084A0000C4A0108346700203B4A01081E4A0108B3
:1084B0002DE9F04105460F460026DFF868800024CC
:1084C000D8F800302146A446204653B910B1FFF732
:1084D00083FF0644BE4201DA012CF0DC3046BDE8E1
:1084E000F081D5F80CE05A69724509D1D5F810E051
:1084F0009A69724504D1B3F80CE0AA88964508D071
:10850000013460B1C27F93F81FE096459CBF61467D
:1085100018461A68002A18BF9C461346D5E76146DC
:108520001846F6E73867002010B5044628B9064A11
:108530004FF431710548FAF7F5FD21460420BDE8F6
:10854000104003F0F5B800BFB84901081A36010819
:1085500010B5044628B9074A40F2CE210648FAF77A
:10856000E1FD606908B1FBF7C5F82046BDE81040A1
:10857000FFF7DABFB8490108604A010838B5094B6E
:108580000024186800B938BDC37F056823B1013BDA
:10859000C37704462846F5E72146FFF71DFF20462E
:1085A000F7E700BF386700202DE9F74F45688046A0
:1085B0002B7803F00F03052B40F09F80E888FAF733
:1085C0001FFE07466888FAF71BFE2A7802F00F02A2
:1085D000B0EB820F4FEA8203C0F08F80C31AB74C12
:1085E00040469BB20193FBF7EFF923888146034491
:1085F0003C2B78DCB24E3468002C40F083800320A2
:1086000003F08AF8044658B949462846FFF750FF58
:10861000814572DC032003F07FF8044600286CD00B
:108620001C220021201DF9F7DBFE0F2304F10802B4
:1086300005F11401E3773368346023602B4653F867
:10864000040B8B4242F8040BF9D1B5F806A0C7F32E
:108650000C071AF0200A4FEAC7070AD1019BFB1842
:108660009BB29F4200F23A814FF6EB72934200F2C6
:108670003581D8F804506888FAF7C2FD2B7803F0EA
:108680000F03B0EB830F4FEA8302C0F02781801AFB
:108690001FFA80FBE888FAF7B3FDC0F30C00D8F8A6
:1086A00004600025C30035700BEB03027570B570D4
:1086B00090B2F570B3808342F28000F20F81D4F85B
:1086C00004C04FF0010B614659BB002D40F0B18052
:1086D000BCF1000F00F09D807A4A4FF4DF717A48B8
:1086E000FAF720FD95E001462846FFF7E1FE20B1AC
:1086F00023884B443C2B7FF77DAF4046FAF7FAFFC7
:1087000000277FE0EB6862699A4208D12B69A26971
:108710009A4204D1A289AB889A4200F0F280246880
:108720006AE74A68B2F804E0734575D23160002DFB
:108730006CD0E9888B42C0F0D18093888342C0F02E
:10874000CD80C5F80080B3888B4240F0F680BAF146
:10875000000F04D0A37F13F0010300F09E80BBF153
:10876000000F75D14FF0000B544E30888144A6F8AD
:108770000090BAF1000F06D1019B1F44A37F43F084
:108780000103A783A377BBF1010FB9D1636804F19B
:108790001C01A08B5F6804F1080314303D683A4661
:1087A00080B253F804CB8B4242F804CBF9D1FAF7EC
:1087B00027FD0023788014213846BB71FB71BB7202
:1087C000FB7202F0FDFE78816768002D67D13C4B9B
:1087D0001B68A34202D01D46002B6DD120462946BE
:1087E000FFF7DAFD3846FBF7EFF83388044683429B
:1087F00005D2344A40F29B213448FAF793FC308882
:10880000041B3480384603B0BDE8F08F9388834260
:1088100064D3C4F804809AE760D0D18899425DD8C7
:1088200025B1E988714518BF4FF0000B1168154656
:108830004AE7EA889A4205D9224A4FF4DB71244874
:10884000FAF770FCEA88C5F80080B3889A427CE7A2
:108850006368002B86D059688B88002B82D13368DF
:1088600093B9B14205D1174A4FF4F0711948FAF79C
:1088700059FC3368002B3FF477AF124A4FF4F17183
:108880001548FAF74FFC6FE75A68F08893889842CA
:108890007FF468AF13681646E2E79B4664E7D5F8B5
:1088A000048014212846FAF7FDFE29463846FBF7D6
:1088B000ADF8D8F8005088E72B688AE734670020C5
:1088C00038670020B84901088A4A0108F04A0108BF
:1088D0006C4A0108C14A0108CE4A01086368002BAE
:1088E0007FF40BAF184B1B68A34205D0174A40F228
:1088F000AB211748FAF716FC00212046FFF74CFD84
:10890000FBE6E888FAF77CFCC0F30C0000287FF453
:108910009CAEE089FAF774FCC0F30C0000283FF429
:1089200094AE2B4604F1080205F1140153F8040B30
:108930008B4242F8040BF9D187E6BAF1000F3FF4FD
:1089400011AF4FF0000B05E738670020B849010868
:108950000B4B01082DE9F04F2DED028B8B8C08EEAF
:10896000102A8BB00546B3F114028A4648BFA3F122
:108970000D02C2F3CF030593436802931B7803F003
:108980000F03052B4FEA830740F0BE804389132B6A
:1089900040F2BA80029B0026D888FAF731FCC0F377
:1089A0000C032C89039300F40053143C0793059B9C
:1089B000A4B2DB009BB206932CB920460BB0BDECF1
:1089C000028BBDE8F08F069B4FF42072142110201B
:1089D000A34228BF23460493FAF7EEFE8046A0B3D5
:1089E0004389132B05D84A4A4FF449714948FAF78D
:1089F00099FB029BD8F804201946143153F8040B54
:108A00008B4242F8040BF9D1D8F804B0DDF810908D
:108A1000B9F1000F40D06B89DE1BBB42B6B205D264
:108A20003B4A40F22D313C48FAF77CFB4E4528BFCB
:108A30004E4616B92D680027EAE7042002F06CFEC6
:108A4000034628B94046FAF755FE4FF0FF30B5E728
:108A5000019631466A68089000203A44009241220B
:108A6000FAF702FE089B18B91846FFF75DFDE9E723
:108A7000CDE90803A9EB06092846FAF7ADFF099BE3
:108A8000264A1FFA89F9089940465D611A61FAF78A
:108A9000BDFFB9F1000FCDD1039B3744C3F30C00E8
:108AA000BAF82430BFB2133BA34201DD079B0BB1E0
:108AB00040F40050FAF7A4FB049BABF8060003F166
:108AC000140080B2FAF79CFB00231421ABF80200DB
:108AD0008BF80A3058468BF80B3002F071FD18EE17
:108AE000102AABF80A004146DAF810305046984791
:108AF0004046FAF7FFFD049B059AE41A039B1344D2
:108B0000A4B29BB2039357E76FF0050056E700BF8E
:108B1000B84901082C4B01084C4B0108518500084D
:108B20001FB5C36902938369019343690093D0E938
:108B30000323D0E90101FAF77FFC00280CBF6FF096
:108B40000B00002005B05DF804FB000010B5C46800
:108B5000034640681CB12346BDE8104018479B6897
:108B60009847204610BD000030B50E4C89B0002952
:108B700014BF0D462546002A14BF11462146002B7E
:108B800018BF1C460C9B05930D9BCDE9031406935F
:108B900069460E9BCDE901050348079301F0A2F851
:108BA00009B030BDB4490108218B000800B589B077
:108BB000CDE9010169460348039201F093F809B039
:108BC0005DF804FB4D8B00082DE9F04707460E4683
:108BD0000025DFF868802C0101F0C4FA54F808A0E1
:108BE000BAF1000F1ED108EB040948F8047001F037
:108BF000C1FA99F80E30C9F804A02BB10D4A40F221
:108C000035210D48FAF78EFA4444002222813B7840
:108C1000A28103F0F003102B18BF012666812846BD
:108C2000BDE8F087013501F0A5FA402DD3D14FF012
:108C3000FF35F4E75C4B0108814B010840670020D9
:108C40002DE9F04F00248BB083460F46904699469D
:108C5000504E25464FF0010ACDE90444CDE90644C3
:108C6000CDE908445D4510DBDDE90401149B83E890
:108C70000300DDE90601159B83E803000AAB13E955
:108C80000300169B83E8030080E047B16A0905F002
:108C90001F0357F822200AFA03F3134217D1B8F141
:108CA000000F08D06A0905F01F0358F822200AFABD
:108CB00003F313420BD1B9F1000F60D06A0905F03C
:108CC0001F0359F822200AFA03F3134257D001F088
:108CD00049FA3F2D56D873897168B6F90820019377
:108CE000B38903910093029201F044FA019BCFB142
:108CF0004FEA551E05F01F0C57F82E000AFA0CFC1F
:108D00001CEA000F0ED0DDE9022109B9002A09DDB5
:108D10000AAA013402EB8E0151F8182C42EA0C0227
:108D200041F8182CB8F1000F12D0680905F01F01A6
:108D300058F820200AFA01F1114209D043B10AABD8
:108D4000013403EB800252F8103C0B4342F8103C14
:108D5000B9F1000F13D06B0905F01F0159F823205A
:108D60000AFA01F111420AD0009A42B10AAA01346A
:108D700002EB830252F8083C0B4342F8083C0135F1
:108D800010366FE74FF0FF3401F0F4F920460BB0D6
:108D9000BDE8F08F406700202DE9F04F002A85B034
:108DA00098460746ACBF16466FF00046019128B9B9
:108DB000484A4FF471714848FAF7B4F93B681B7898
:108DC00003F0F003102B05D0424A40F2C53143486E
:108DD000FAF7A8F918F0080F4FF00005DFF8F49043
:108DE0000CBF08220C22DFF8FCA0DFF8FCB07B6887
:108DF000002B3DD0039303986FF000430199048941
:108E00002944B442A8BFB4B21B1BAB424FF00003CD
:108E1000BCBFEC43A4B222462544FAF7A3FEB442F9
:108E200005DD4A4640F203415846FAF77BF918F04F
:108E3000010F4AD1039B1B89A34205D24A4640F247
:108E400009412748FAF76EF9039803891B1B002B89
:108E500036DD2146FAF7A0FD7860361B1C22002E75
:108E6000C5DC002D33D02946386802F043FE09E006
:108E700003A9386802F0D6FF0446B0B135B118F046
:108E8000010FF0D0284605B0BDE8F08F03F0ECFEEE
:108E900030B109F0DBF80546204603F0E5FE286016
:108EA0000F3418BF01246542ECE7039B2BB94A46F7
:108EB00040F2EB315046FAF735F9039B7B609AE7B5
:108EC00000237B60FAF716FCC7E7002DDAD10025F6
:108ED000D8E700BF5C4B0108A04B0108B04B01086C
:108EE000F74B01081A360108D24B01083F2808B594
:108EF00005D8064B020103EB00109B5823B909F07B
:108F0000A5F809230360002008BD00BF40670020CA
:108F100070B588B00E4615460193FFF7E7FF019B39
:108F200018B94FF0FF3008B070BD0DF10A0203A967
:108F3000006802F09DFD044658B103F095FE00283C
:108F4000EFD009F083F80546204603F08DFE286037
:108F5000E7E74FF40473BDF80A00ADF81030FAF7F4
:108F60004FF9039B04A9ADF8120030460794CDE9F0
:108F700005342B68102B84BF10232B602A68F9F767
:108F8000FDF90020CFE700002DE9F0470F46054628
:108F9000002843D08469002C0FDA01F0E3F8AC69B3
:108FA0000346002C07DA0FB9013CAC611846BDE856
:108FB000F04701F0DFB801F0DDF82046FFF796FF3B
:108FC000054658B301F0CEF80646042F3AD8DFE83C
:108FD00007F003272C3336002B8901331BB2012BFA
:108FE0002B81CCBF00230123AA7B002A56D0002B63
:108FF00054D03046B5F90870B5F80A806609B5F85E
:109000000C9004F01F0401F0B5F84FF0010A00F0D5
:1090100075FF234B0AFA04F41D68DDB9BDE8F0873B
:109020002B89013B2B810023DEE76B890122B3FAF8
:1090300083F36A815B09D7E700236B81D4E70123BF
:10904000AB81D1E7174A40F61D211748FAF76AF8B5
:109050000123C9E76B69FBB9002F05DDAB681BB1C4
:1090600053F826301C4211D1B8F1000F05D0EB683F
:109070001BB153F826301C4208D1B9F1000F0BD0B8
:109080002B694BB153F826301C4205D005F118006E
:10909000C5F814A001F046F82D68BEE7304686E713
:1090A0003C6700205C4B0108084C0108082808B503
:1090B0000AD0202808D0042806D0044840F666319B
:1090C000034AFAF72FF8002008BD00BF184C01082A
:1090D0005C4B0108F0B5064685B00F461C461546A8
:1090E0002AB9134A40F22E411248FAF71BF82CB95C
:1090F0000F4A40F22F411048FAF714F84FF4047366
:109100003846ADF80030FAF77BF833686946ADF8B9
:109110000200284601930023CDE902332368102B77
:1091200084BF102323602268F9F728F905B0F0BD49
:109130005C4B0108304C01083D4C0108F8B5044671
:109140000E4601F00FF8002365682768636023600E
:1091500001F010F81DB128463EB1FAF7CBFA3FB145
:109160003846BDE8F84002F075BC03F08BFDF6E729
:10917000F8BD0000F0B5002389B00F461646ADF8E3
:109180000630FFF7B3FE054620B94FF0FF34204606
:1091900009B0F0BD02A9006802F036FD0446E8B14E
:1091A0002B681B7803F0F003102B04D008F04EFF5F
:1091B0005F230360E9E710F10F0F03D108F046FFCA
:1091C0001623F6E703F050FD0028DED008F03EFF3E
:1091D0000546204603F048FD2860D6E7029B2BB9E0
:1091E000374A40F2B2213748F9F79CFF0121029833
:1091F000FFF7EAFC431C044607D1029802F02AFC60
:1092000008F024FF17230360C1E73F2805D92C4A43
:1092100040F2BB212C48F9F785FF00F0A3FF029B29
:109220009D699C6100F0A6FF029B1B6B3BB1ED4367
:109230002DB200F053FE002D21DC00F057FE002F70
:10924000A5D0002EA3D000230DF1060203A9029899
:1092500002F00EFC0546C8B11C48012100EB0410C9
:10926000FFF76CFF284603F0FFFC00288DD008F0C4
:10927000EDFE0446284603F0F7FC206085E70298DF
:109280000022013D036B11469847D4E74FF4047365
:10929000BDF80600ADF81030F9F7B2FF039B04A942
:1092A000ADF8120038460795CDE905353368102B27
:1092B00084BF102333603268F9F760F867E700BFB6
:1092C0005C4B0108504C0108604C010840670020CD
:1092D00073B50C461646FFF709FE054618B94FF060
:1092E000FF3002B070BD102E04D16378022B01D183
:1092F000A3070ED06FF00F0003F0B6FC0028EED0ED
:1093000008F0A4FE04466FF00F0003F0ADFC2060EF
:10931000E5E7636860880193F9F772FF01A90246E7
:10932000286802F0BBFB04460028DAD003F09CFC5E
:109330000028D4D008F08AFE0546204603F094FCAD
:109340002860CCE770B5FFF7D1FD064610B94FF0A5
:10935000FF3070BD0568BDB12C7804F0F004A4F1B5
:1093600010035C425C41306802F064FB0546B0B11A
:1093700003F07AFC0028EAD008F068FE044628468C
:1093800003F072FC2060E2E74468002CEBD0074A4F
:1093900040F23A3106482C46F9F7C4FEE3E730467E
:1093A0002146FFF7CBFE2846D3E700BF5C4B010800
:1093B000784C010838B50C46FFF798FD054610B902
:1093C0004FF0FF3038BD84F308010068C9B202F0E5
:1093D0007FFB04460028F5D02B681B7803F0F003D0
:1093E000102B04D008F032FE5F230360E8E703F09F
:1093F0003BFC0028E4D008F029FE0546204603F097
:1094000033FC2860DCE700002DE9F04F8BB00F46FD
:1094100091461E46DDE914A8FFF768FD05460028C1
:1094200000F09E8003681B7803F0F003102B1CD122
:1094300033464A463946FFF7AFFC0446BAF1000FFF
:109440000FD0B8F1000F0CD0002301AA03A928689F
:1094500002F00EFB43465246BDF8041003A8FFF786
:1094600039FE20460BB0BDE8F08F0023CDF80CA0EC
:10947000CDE90733099301AB05930123CDE90179C8
:109480000693B8F1000F46D0D8F8003016F0080F58
:1094900004936B6814BF04220022009383B96946C9
:1094A000286802F061FC044600284FD1009B2BB9CC
:1094B0002D4A40F284412D48F9F734FE009B6B6041
:1094C000009B4FF0000A1B68D3461C89069B9A45F7
:1094D00001DA5C4521D8039A3AB1049B2BB100987C
:1094E00004AB81890830FFF7F5FD0023079A099343
:1094F00002B1089316F0010603D100986E6003F0E4
:10950000C1FB4C4528BF4C46B8F1000FA9D0049BC5
:10951000C8F80030A5E74346B8E70599A4EB0B0768
:109520004FEACA0001EBCA030AF1010ABFB20958A7
:109530005B680098BB42006898BF9FB25B463A46A2
:109540005F44FAF70FFB1FFA87FBBFE703F08CFBC2
:1095500030B108F07BFD0546204603F085FB28600E
:109560004FF0FF347DE700BF5C4B0108904C0108D1
:1095700030B587B01C46CDE90221FFF7B7FCDDE925
:10958000022118B94FF0FF3007B030BD03681B78D7
:1095900003F0F003102B0ED06FF00F0003F064FB0C
:1095A0000028EFD008F052FD04466FF00F0003F0E2
:1095B0005BFB2060E6E714F0100F4FF000054FEA68
:1095C000640414BF03230123059504F0040405ADCE
:1095D00023430095006802F0FBFA044603F044FBC5
:1095E00030B108F033FD0546204603F03DFB28600E
:1095F000002CC7D10598C7E7022938B5134612D009
:10960000032905D0012916D1174A0021102002E0B4
:10961000154AD9B2402002F0C1F9044698B908F0C1
:1096200015FD69230AE0882A4FF000010E4A0CBF9D
:1096300021202020EFE708F009FD16234FF0FF3529
:109640000360284638BD0021FFF7BEFA431C0546DB
:1096500007D1204602F0FEF908F0F8FC172303605A
:10966000EFE7A061EDE700BF898F00082DE9F04F1B
:10967000402895B08A46914698461E9E049009D986
:1096800008F0E4FC162303604FF0FF34204615B0C9
:10969000BDE8F08F0BAC029409AC019407AC0094C8
:1096A000FFF7CEFA051E03DA08F0D0FC0923EAE73B
:1096B00040F02C813EB1D6E90023134303D1B468B6
:1096C000002C00F0BE800DAC00211C222046F8F7D3
:1096D00087FE002113A8CDF84480CDE90FA900F042
:1096E000FBFC18B108F0B2FC0C23CCE700F0F6FB51
:1096F000874A13680D9303B15C60DFF818B22F46F8
:10970000146000F0F3FB5C460121049B9F4212D1E0
:109710000BAB4A4651463846029309AB019307AB5F
:1097200000934346FFF78CFA041E45DA08F08EFCDE
:109730000923036038E0BAF1000F08D0780907F078
:109740001F035AF8200001FA03F3034217D1B9F1BD
:10975000000F08D0780907F01F0359F8200001FA1C
:1097600003F303420BD1B8F1000F22D0780907F0C0
:109770001F0358F8200001FA03F3034219D000F048
:10978000F1FCA37B0133DBB2A3737BB90593FF220A
:10979000604B03EB0714A2734FF0FF3400F0EAFCB8
:1097A00008F054FC1022026000261AE000F0E2FCEF
:1097B000012101371034A8E7F6D1002E5AD0B16844
:1097C0004FF47A73326801F5FA7191FBF3F103FB00
:1097D00002110129B8BF012113A800F091FC049FD8
:1097E0000646BD4248D100F079FB0D9B0BB10E9AA5
:1097F0005A60474D0DAA0E9B296891427BD12BB12F
:10980000454A40F233714548F9F78CFC0D9B2B60BB
:1098100000F06CFB13A800F089FC002CFFF634AFBD
:1098200001360ED00BAB4A4651460498029309AB61
:10983000019307AB00934346FFF702FA041EFFF6BD
:1098400033AFBAF1000F03D0DDE907018AE8030066
:10985000B9F1000F04D009AB93E8030089E80300D5
:10986000B8F1000F3FF412AF0BAB93E8030088E8A8
:1098700003000BE72146AFE7BAF1000F08D06A09F1
:1098800005F01F0101235AF822208B40134217D103
:10989000B9F1000F08D06A0905F01F01012359F83A
:1098A00022208B4013420BD1B8F1000F1FD06A0960
:1098B00005F01F01012358F822208B40134216D0D7
:1098C00000F050FC9BF80E2003463AB9059040F694
:1098D0006501114A1248F9F725FC059B9BF80E20FB
:1098E00012B1013A8BF80E20184600F043FC013506
:1098F0000BF1100B75E72BB9074A40F23671094896
:10990000F9F710FCDDE90D231A6081E72C4698E792
:109910003C670020406700205C4B0108B54C010803
:109920009C4C0108CD4C01080123FFF7F1BA00005F
:109930002DE9F843DDF8209007460C4616461D46F3
:10994000FFF7D4FA20B135B908F080FB0E2303608D
:109950004FF0FF3474E000F0C1FA3F2F03D909241F
:1099600000F0C4FAB6E0DFF884813F0158F8073010
:10997000002BF4D0062C00F08A8040F6FF7294424F
:109980000FD0E4B9012E7AD0022E18D1B9F1030F0D
:1099900040F29D805B68002B00F099802A68DA72A3
:1099A0004CE041F2060296424DD00CDC41F202023C
:1099B000964257D003DC082E25D0202E1ED06D24D1
:1099C00000F094FA86E041F20B039E42F7D1B9F120
:1099D000050F7CD995F9000020B12846F9F780FCE5
:1099E00000287BD058F80720137803F0F003102BE1
:1099F0003ED101465068FAF70FFA18E01B7803F0E1
:109A0000F003202BDBD13046FFF750FBB9F1030FF9
:109A10005DD958F80730002B59D05B68002B56D021
:109A20002C6840B293F909202CB1104358720024DD
:109A300000F05CFA04E022EA0000587200F056FAE6
:109A40002046BDE8F883B9F10F0F40D94FF47A7181
:109A5000AA68286892FBF1F201FB0022002A36DB9B
:109A6000DA61E4E7B9F1030F31D92A681A62DEE757
:109A70001C4A40F6AA511C48F9F754FBD7E7B9F144
:109A8000030F24D95B6813B32A689A72D6E7B9F139
:109A9000030F1CD95A68D2B11B7803F0F003102BC6
:109AA0008DD1137D012B12D0012E05D0022E86D12F
:109AB0002B68C2F89430BAE72C68538B1CB143F082
:109AC00040035383B3E723F040035383B6E71624E0
:109AD00000F00CFA08F0BAFA046039E7132400F039
:109AE00005FAF7E75C4B0108E84C010840670020E5
:109AF00010B50446084611461A1E05DA08F0A6FA03
:109B00001C230024036009E0022C09D1FEF7FAFBB4
:109B1000044618B908F09AFA1C230360204610BDC9
:109B200008F094FA6A23ECE708B5034608461146A4
:109B3000022B03D1BDE80840FEF73CBB08F086FAD3
:109B40006A2303604FF0FF3008BD000007B500F046
:109B5000D3F900F0C3F9284B1B6813B1274A1068EA
:109B60009847274D00F0CAF9FDF7ECFD431C044669
:109B700010D100F0BBF9002201A9284600F05CFAE0
:109B800000F0ACF9019CB4B91E4A91211E48F9F7C6
:109B9000C9FAE7E710B9FDF7B1FDE3E700F0A6F970
:109BA000224601A9284600F047FA044600F096F93B
:109BB0000134F0D0E6E72378012B0FD0022B13D02D
:109BC000B3B96068D4E90213984710B16068F9F737
:109BD00091FD2146082001F0ABFDC3E7D4E9013037
:109BE000984721460720F6E7D4E901309847B9E7BE
:109BF000044AD421CAE700BF446B0020486B002010
:109C00004C6B0020144D0108374D0108F8B5114B7D
:109C100007460E4615461B682BB90F4A40F2011144
:109C20000E48F9F77FFA082001F076FD044668B186
:109C300000230146C5600370C0E90176054800F0C5
:109C400093F928B12146082001F072FD4FF0FF3052
:109C5000F8BD00BF4C6B0020144D0108584D0108A1
:109C600091F82D3013F0180F14BF024A024AFFF783
:109C7000CDBF00BF759D0008E97E0008104B70B590
:109C80001B6806460D462BB90E4A4FF4B1710E48BB
:109C9000F9F748FA072001F03FFD044660B10123BF
:109CA00001460370C0E90165054800F05DF928B17F
:109CB0002146072001F03CFD4FF0FF3070BD00BF92
:109CC0004C6B0020144D0108584D010813B5044693
:109CD000019100F003F90198A04700F007F9002076
:109CE00002B010BD13B50446019100F0F7F80198D9
:109CF000A047019000F0FAF8019802B010BD0000F2
:109D000037B505460C4601F083FC114B0021114884
:109D10001D60114B1C6000F0F3F828B10F4A40F2AF
:109D200091210F48F9F7FEF90E4800F005FA28B125
:109D30000A4A40F295210C48F9F7F4F901230B493E
:109D40000B48009300231A4600F0A2F803B030BD80
:109D5000446B00204C6B0020486B0020144D010820
:109D6000684D0108406B00208B4D01084D9B000899
:109D7000AC4D010870B504460D4600F0BFF863898C
:109D80000E2B1AD96068E37B86891BB995F83030B1
:109D90000133E3730378D9070AD5012B11D1437836
:109DA00033B983785E2B03D1637B43F01003637375
:109DB000082E10D0B6F5C16F1DD02046F9F79AFCD9
:109DC00017E00622134908F047F90028F0D1637B19
:109DD00043F00803EBE795F82D301A07EDD50E2177
:109DE0002046F9F75FFC0028E7D129462046FEF718
:109DF0007BF8002070BD95F82D301B07DDD50E21B6
:109E00002046F9F74FFC0028D7D129462046FDF718
:109E1000CBFDEEE7184E01082DE9F0410D46044652
:109E2000BDF8180016461F46F9F7EAF90E218046DC
:109E30002846F9F733FCE8B900F060F86968A1F842
:109E40000C803B680B60BB888B803368C1F80630A0
:109E5000B3884B8194F82C30062B05D0074A4FF479
:109E60009D710748F9F75EF9636929462046BDE808
:109E7000F04118476FF00100BDE8F081BC4D0108CA
:109E8000E44D0108036800211B68184708F016B963
:109E90002DE9F34105460820884617461E4608F07E
:109EA000A1F8044608B1C0E900876368B6F5006F01
:109EB00030464FF03C02B8BF4FF400600093294693
:109EC000236806F0CBFA18B92946034801F080FA56
:109ED000204602B0BDE8F081284E0108024808B5CE
:109EE000FFF7D0FF08BD00BF506B0020014801F014
:109EF000D1B900BF506B00207047000070470000D0
:109F0000F8B506464FF4157008F06CF80446D0B169
:109F1000002104F50E7700F50270002501F024FA07
:109F2000002104F5087001F01FFA0021384601F005
:109F30001BFA3846C4E9005501F0CAF92846C4F8AE
:109F400050523460F8BD4FF0FF30FBE710B550B110
:109F5000046844B104F50E7001F0B2F92046BDE882
:109F6000104008F03DB810BD70B50E46044608B16B
:109F7000036823B9174A96211748F9F7D3F82468DC
:109F800004F50E75284601F09BF9D4E9000300F1B1
:109F90007E029A4205DA284601F09AF94FF0FF3026
:109FA00070BD594203F07F0201F07F0158BF4A4261
:109FB000984202F1020244F8226003F10102626059
:109FC00003D104F5027001F083F9284601F080F90D
:109FD0000020E5E7484E0108814E010870B504688D
:109FE0000D4604F50E76304601F06AF9D4E90032E8
:109FF000934205D1304601F06BF94FF0FF3070BD50
:10A0000055B15A4203F07F0302F07F0258BF53421A
:10A01000023354F823302B60236801332360D4F8D3
:10A0200050321BB104F5087001F052F9304601F0CE
:10A030004FF90020E3E700002DE9F8430E461746EC
:10A04000044608B1036823B9214AFD212148F9F7E4
:10A0500069F824684FF47A7804F50E7508FB07F860
:10A0600004F50279284601F02BF9D4E90032934235
:10A0700013D1284601F02CF947B14146484601F07A
:10A080003DF930B94FF0FF30BDE8F883484601F0A4
:10A0900017F9284601F014F9E7E756B15A4203F0E0
:10A0A0007F0302F07F0258BF5342023354F823303B
:10A0B0003360236801332360D4F850321BB104F5B8
:10A0C000087001F005F9284601F002F90020DBE7ED
:10A0D000484E0108814E010870B5054618200E460D
:10A0E00007F080FF044620B1311E18BF012101F0A6
:10A0F0003BF9B4FA84F02C604009404270BD000086
:10A1000008B50068036831B95B68984780F00100C2
:10A11000C0B2404208BD4FF47A721B685143984761
:10A12000F4E7000000680368DB681847006810B1B6
:10A1300003689B691847704738B50546182007F033
:10A1400051FF044608B101F003F9B4FA84F02C6021
:10A150004009404238BD000001F046B901F03EB967
:10A1600070470000024808B5FFF78CFE002008BDCC
:10A17000686B0020014801F08DB800BF686B0020BB
:10A1800010B50A4C204601F0E3F82046084C094A75
:10A19000094907F01FFF204601F0DAF82046054A7A
:10A1A0000549BDE8104007F015BF00BF686B0020EF
:10A1B000506B0020906B0020790D000810B5302303
:10A1C0000C4683F31188002104F1180005F0A2F970
:10A1D0002346044A2046E16905F012FD002383F37B
:10A1E000118810BDBDA1000800F11803C161836191
:10A1F000002303607047000013B530230446C16993
:10A2000083F3118803681BB1019105F003FD0199E7
:10A210002346044A204605F0F3FC002383F311880B
:10A2200002B010BDBDA1000838B50D46094914465D
:10A23000F8F7C2F858B940F2FB5307482B60A3F176
:10A240002A53A3F53D13A3F23E43236038BD0020FB
:10A25000FCE700BFC2330108904E0108002313B58C
:10A260000C4601AA69460093FFF7DEFF08B1009B88
:10A27000236002B010BD000070470000704700006E
:10A2800010B41346026814680022A4465DF8044B1B
:10A290006047000000F5805090F8590470470000B6
:10A2A00000F5805090F852047047000000F580508F
:10A2B00090F95804704700004E207047302383F314
:10A2C000118800F58052D2F89C34D2F898041844D2
:10A2D000D2F894341844D2F87C341844D2F88C3430
:10A2E0001844D2F888341844002383F31188704747
:10A2F00000F58050C0F85414012070472DE9F04F4C
:10A300000C4600F5805185B01F4691F85234054641
:10A310009046BDF838909BB1D1F878340133C1F83C
:10A3200078342368980006D4237B082B0BD9627BF2
:10A330000AB10F2B07D9D1F87C340133C1F87C3432
:10A340004FF0FF3010E0302383F31188EB6AD3F82D
:10A35000C42012F4001B0AD0D1F88034002001334D
:10A36000C1F8803480F3118805B0BDE8F08F206813
:10A370004822D3F8C4300028C3F3044A6B6AB4BF40
:10A3800040F08040800412FB0A334FEA4A161860FE
:10A39000226852004FEA0A6244BF40F00050186041
:10A3A000207B42EA00425A60607B10B342F44012C4
:10A3B0005A60D1F8B0240132C1F8B024AA1902F5CC
:10A3C0008352117B41F020011173207B039301F034
:10A3D00067F80330039B80105FFA8BF20BF1010BDF
:10A3E00082420DDA04EB820103EB8202496891603C
:10A3F000F2E7AA1902F58352117B60F34511E3E7F6
:10A400000122EB6A05EB4A1102FA0AF201F58251C8
:10A41000C3F8D020AB19183104F10C0203F58253B4
:10A42000C3E90487234653F8040B934241F8040B15
:10A43000F9D11B882E440B8041F2680346F803A033
:10A4400006F5805609F0030396F86C2043F01003DC
:10A4500022F01F02134386F86C30002383F3118827
:10A4600042463B4621462846CDF8009000F0DEFFEC
:10A47000012079E72DE9F04700F58056044696F86B
:10A480005254002D40F00381037C032B40F0948054
:10A4900028462B462F465FFA80FC944510DA01EBE4
:10A4A000CC0E51F83CC0BCF1000F04DBDEF804C058
:10A4B000BCF1000F02DB01370130ECE70133FBE7B1
:10A4C000302080F31188E06AF3B9D0F8803043F08F
:10A4D0000203C0F880304E23E06A002F6FD1D0F81D
:10A4E000803043F00103C0F880306A4B6A4A1B6831
:10A4F00003F1805303F52C539B009342A36240F277
:10A50000B080664800F064FF4D2B42D8DFF88481AC
:10A510004FEA034EDFF88891D8F800C04EEA8C0E5F
:10A52000C0F884E00CF1805000F52C508000606190
:10A5300003EB0C00D4F82CC0C3F14E03C8F80000A4
:10A54000DCF8800040F03000CCF880004FF0000CC8
:10A55000D4F81480E6465FFA8CF08242BCDD01EB51
:10A56000C00A51F83000002810DBDAF804A0BAF174
:10A57000000F0BDA09EA00400AF07F0A40EA0A00FD
:10A5800040F0084048F82E000EF1010E0CF1010CCD
:10A59000E1E7836923F00103836100F025FF0646AC
:10A5A000E36A9B69D90704D500F01EFF831BFA2BD1
:10A5B000F6D9002383F311882846BDE8F087B7EB6E
:10A5C000530F3DD2DFF8CCE04FEA074CDEF8003005
:10A5D0004CEA830CC0F888C003F1805003EB4703BA
:10A5E000002700F52C50CEF80030BC468000A0615A
:10A5F000E06AD0F8803043F00C03C0F88030D4F823
:10A6000018E0FBB29A427FF770AF51F8330001EBCC
:10A61000C3080028D8F8043001DB002B0EDB20F043
:10A62000604023F0604340F0005043F000434EF898
:10A630003C000EEBCC000CF1010C43600137E0E76D
:10A64000836923F00103836100F0CEFE0646E36ACE
:10A650009B69DA07ADD500F0C7FE831BFA2BF6D94C
:10A66000A7E7E26A936923F00103936100F0BCFE5F
:10A670000746E36A9B69DB0705D500F0B5FEC31BFF
:10A68000FA2BF6D995E7012586F8525491E7002573
:10A6900092E700BF8C6B0020FCB500408C54010891
:10A6A0000000FF0713B500F580540191606CF8F7C6
:10A6B000B3FA1F280AD920220199606CF8F722FB0F
:10A6C000A0F120035842584102B010BD0020FBE722
:10A6D00008B5302383F3118800F58050406CF8F7FB
:10A6E0006FFA002383F3118808BD00000022026086
:10A6F00082814260826070470022002310B5C0E969
:10A700000023002304460C3020F8043CFFF7EEFF42
:10A71000204610BD2DE9F0479A4688B00746884686
:10A720009146302383F3118807F580546846FFF77C
:10A73000E3FF606CF8F756FA1F282ED920226946ED
:10A74000606CF8F763FB202827D194F8523423B3C8
:10A7500003AD444605AB2E46083403CE9E4244F872
:10A76000080C44F8041C3546F5D130682060B388E5
:10A77000A380DDE90023C9E90023BDF80830AAF869
:10A780000030002383F3118853464A464146384639
:10A7900008B0BDE8F04700F037BE002080F3118814
:10A7A00008B0BDE8F08700002DE9F84F0023064609
:10A7B00000F58154054688461034C0E90133274B23
:10A7C00046F8303B374638462037FFF795FFA7421B
:10A7D000F9D105F580544FF4805305F5A3594FF096
:10A7E000000A26630026676405F5835709F11009FE
:10A7F0004FF0000B1037E663C4E90D36012384F8EF
:10A80000403084F84830A7F11800203747E910ABF2
:10A81000FFF76CFF47F8286C4F45F4D1B8F1010FF2
:10A8200084F85884A4F85A64A4F85C64A4F85E64BC
:10A8300084F86064A4F86264A4F86464A4F86664AC
:10A8400084F8686402D9064800F0C2FD054B28462A
:10A8500053F82830EB62BDE8F88F00BFDC540108E4
:10A86000B0540108CC540108044B10B519780446C3
:10A870004A1C1A70FFF798FF204610BD896B002014
:10A880002DE9F04300295AD02E4E2F48B6FBF1F4A3
:10A8900081428CBF0A201120431EB4FBF0F700FB5D
:10A8A0001740DDB220B1022B1846F5D8002032E067
:10A8B0007B1EB3F5806F2ED2C5EBC5084FF47A73BB
:10A8C00008F103044FEAE40EC4F3C7040EF10109D2
:10A8D000281B0EFB033E5FFA80FC59FA80F0BEFB9A
:10A8E000F0F0B0F5617F18DC83B2601C5CFA80F098
:10A8F0007843B6FBF0F08142D8D1611E0F29D5D83C
:10A900000CF1FF310729D1D8012013805780107135
:10A91000547182F806C0BDE8F08308F1FF34E010FE
:10A92000C4F3C70400F1010E2D1B00FB03335FFAD3
:10A9300085FC5EFA85F5B3FBF5F39BB2D5E70846D7
:10A94000E9E700BF00B4C4043F420F0030B50D4B2F
:10A9500005200D4D1C786C438C420ED15978012096
:10A96000518099785171D9789171197911715B7908
:10A9700003EB83035B00138030BD013803F1060352
:10A98000E8D1F9E71C55010840420F0038B540F204
:10A990007772C36A154CC3F8BC200722C36AC3F898
:10A9A000C8202268C16A930043F4C023C1F8A030D4
:10A9B00002F1805302F16C01C56A03F52C53EA32AF
:10A9C00089009B00226041F0E061094AC361C5F83B
:10A9D000C01003F5D87103F56A7341629342836234
:10A9E00002D9044800F0F4FC38BD00BF8C6B002095
:10A9F000FCB500408C5401082DE9F04F00F580555E
:10AA00001F4689B0044695F8583489469046022B73
:10AA100004D90026304609B0BDE8F08FA84A52F8A4
:10AA2000231009B942F82300A648C4F80C90017815
:10AA30002774C9B9302383F31188A34BD3F8EC20D2
:10AA400042F48072C3F8EC20D3F8942042F4807270
:10AA5000C3F89420D3F8942022F48072C3F8942091
:10AA60000123037081F3118895F851347BB93023A9
:10AA700083F31188954A95F85834D35C0BB3012BB6
:10AA800028D0012385F85134002383F31188302323
:10AA900083F31188E26A936923F01003936100F055
:10AAA000A3FC8246E36A9E6916F0080619D000F0FE
:10AAB0009BFCA0EB0A03FA2BF4D9002686F311883D
:10AAC000A8E70321132004F033F80321152004F034
:10AAD0002FF8D6E70321142004F02AF803211620CA
:10AAE000F5E79A6942F001029A6100F07DFC824626
:10AAF000E36A9A69D00706D400F076FCA0EB0A035B
:10AB0000FA2BF5D9D9E79A694FF0000A42F0020210
:10AB10009A61E36AC3F854A08AF3118804F5825B52
:10AB2000686CF8F74DF80BF1100B202200216846F5
:10AB3000F7F756FC02A8FFF7D9FD6A460BEB0603B0
:10AB40000DF1180ECDF818A094460833BCE80300A8
:10AB5000F44543F8080C43F8041C6246F4D1DCF8D1
:10AB6000000020361860B6F5806F9CF804201A713A
:10AB7000DBD1002304F5A252494620461A3285F85B
:10AB8000503485F85334FFF77BFE064690B9E26AED
:10AB9000936923F00103936100F026FC0546E36A04
:10ABA0009B69D9077FF535AF00F01EFC431BFA2BDC
:10ABB000F5D92EE795F85E34C5F86C94591E95F8D2
:10ABC0005F34E26A013B1B0243EA416395F860147B
:10ABD00001390B43B5F85C14013943EA0143D361F1
:10ABE000B8F1000F36D004F5A35241462046023298
:10ABF000FFF7ACFE90B9E26A936923F00103936119
:10AC000000F0F2FB0546E36A9B69DA077FF501AFC6
:10AC100000F0EAFB431BFA2BF5D9FAE695F8672416
:10AC2000C5F87084511E95F86824E36A013A120150
:10AC300042EA012295F8661401390A43B5F8641412
:10AC4000013942EA014242F40002DA604FF4206224
:10AC5000E36A9A64E36A4FF000082046C3F8BC80B8
:10AC6000FFF794FE85F859846FF04042E36A1A6555
:10AC7000174AE36A5A654FF00222E36A9A654FF079
:10AC8000FF32E36AC3F8E0200322E36A9742DA6501
:10AC90003FF4C0AEE26A936923F00103936100F0D0
:10ACA000A3FB0746E36A9B69DB0705D500F09CFB25
:10ACB000C31BFA2BF6D9ACE6012385F85234A9E67A
:10ACC000806B0020886B002000440258C4540108A7
:10ACD000550200022DE9F04F054689B0904699468D
:10ACE000002741F2680A00F58056EB6AD3F8D830A5
:10ACF000FB40D80751D505EB47124FEA471B52449A
:10AD00001379190749D4D6F884340133C6F884344A
:10AD100005F5A553C3E9008913799A0605EB0B02E3
:10AD200048BFD6F8B434524444BF0133C6F8B434F3
:10AD3000137943F008031371DB0723D596F85334D6
:10AD400003B305F582546846FFF7D6FC03AB18340D
:10AD50005C4404F1080C2068083454F8041C1A46BA
:10AD6000644503C21346F6D1206869461060284640
:10AD7000A2889A800123ADF808302B68CDE90089BC
:10AD8000DB6B9847D6F8A834D6F854040133C6F8DC
:10AD9000A83410B103681B6998470137202FA4D14C
:10ADA00009B0BDE8F08F00002DE9F04F0F468DB0DF
:10ADB000044600F01BFB82468946002F5BD1E36A04
:10ADC000D3F8A02012F4FE0F03D100200DB0BDE88F
:10ADD000F08FD3F8A420920141BF04F58051D1F83F
:10ADE00098240132C1F89824D3F8A4205606ECD058
:10ADF000D3F8A450E669C5F305254823E8464FF08B
:10AE0000000B03FB05664046FFF770FC32685100FB
:10AE10004ABF22F06043C2F38A4343F000439200EA
:10AE200048BF43F080430093736813F400131BBFC3
:10AE3000012304F580528DF80D308DF80D301EBFC2
:10AE4000D2F8B8340133C2F8B834F38803F00F03F2
:10AE50008DF80C309DF80C0000F022FB5FFA8BF3AC
:10AE6000984225D9F2180CA90BF1010B127A0B4468
:10AE700003F82C2CEEE7012FA7D1E36AD3F8B0201A
:10AE800012F4FE0FA1D0D3F8B420950141BF04F510
:10AE90008051D1F898240132C1F89824D3F8B42015
:10AEA000500692D0D3F8B450266AC5F30525A4E71E
:10AEB000EFB9E36AC3F8A85004A807ADFFF71CFC7C
:10AEC00098E80F0007C52B800023204604A9ADF8A1
:10AED0001830236804F58054DB6BCDE904A998474A
:10AEE00058B1D4F890340133C4F890346EE7012F90
:10AEF000E2D1E36AC3F8B850DEE7D4F89434012015
:10AF00000133C4F8943461E72DE9F04105460F465A
:10AF100000F58054012639462846FFF745FF10B159
:10AF200084F85364F7E7D4F8A834D4F85404013310
:10AF3000C4F8A83420B10368BDE8F0411B69184784
:10AF4000BDE8F081C36AF0B51A6C12F47F0F2BD004
:10AF50001B6C00F5805441F268054FF0010CC4F8F9
:10AF6000AC340023471900EB43125E012A441179E7
:10AF700011F0020F15D0490713D4B959C66A0CFA5B
:10AF800001F1D6F8CCE011EA0E0F0AD0C6F8D410C1
:10AF9000117941F004011171D4F88C240132C4F804
:10AFA0008C240133202BDED1F0BD00002B4B70B57B
:10AFB0001E561B5C012B30D8294D2A4A55F82330E8
:10AFC00052F8264013B349B3236D9A0510D54FF4B8
:10AFD0000073236500F00AFA50EA01020B4602D022
:10AFE000013861F10003024655F82600FFF772FEB2
:10AFF000236D9B012CD54FF0007255F82630226549
:10B0000003F58053012283F8592421E001232365AD
:10B01000102323654FF48053236570BD236DDA0739
:10B0200002D4236D5B0706D50523002155F82600C1
:10B030002365FFF769FF236DD80602D4236D5906F7
:10B0400006D55023012155F826002365FFF75CFF44
:10B0500055F82600BDE87040FFF774BFC8540108DA
:10B06000806B0020CC54010808B5302383F311888D
:10B07000FFF768FF002383F3118808BDC36AD3F884
:10B08000C00010F07C5005D0D3F8C40080F400104C
:10B09000C0F340507047000008B5302383F3118897
:10B0A00000F58050406CF7F79DFD002383F3118875
:10B0B00043090CBF0120002008BD000000F58053AB
:10B0C00093F8592462B1C16A8A6922F001028A6147
:10B0D000D3F89C240132C3F89C24002283F859241D
:10B0E000704700002DE9F743302181F3118800F506
:10B0F0008251002541F2680E4FF00108103100F531
:10B10000805C00EB45147444267977071CD4F6065E
:10B110001AD58E69D0F82C9008FA06F6D9F8CC70BA
:10B120003E4211D04F6801970F689742019F9F419F
:10B130000AD2C9F8D460267946F004062671DCF8F4
:10B1400088440134CCF8884401352031202DD8D1F1
:10B15000002383F3118803B0BDE8F083F8B51E46E1
:10B1600000230F46054613701446FFF795FF80F045
:10B17000010038701EB12846FFF780FF2070F8BD2F
:10B180002DE9F04F85B099460D468046164691F858
:10B1900000B0DDE90EA302931378019300F026F9C5
:10B1A0002B7804460F4613B93378002B41D0224642
:10B1B0003B464046FFF796FFFFF756FFFFF77EFF3F
:10B1C0004B4632462946FFF7C9FF2B7833B1BBF116
:10B1D000000F03D0012005B0BDE8F08F337813B124
:10B1E000019B002BF6D108F5805303935445029B35
:10B1F00077EB03031DD2039BD3F85404C8B1036853
:10B20000AAEB04011B6898474B4632462946404644
:10B21000FFF7A4FF2B7813B1BBF1000FDAD133781D
:10B2200013B1019B002BD5D100F0E0F804460F4686
:10B23000DCE70020CFE70000002108B50846FFF753
:10B24000B5FEBDE8084002F0F7BC000008B50121DA
:10B250000020FFF7ABFEBDE8084002F0EDBC0000A7
:10B2600008B500210120FFF7A1FEBDE8084002F06B
:10B27000E3BC0000012108B50846FFF797FEBDE8D2
:10B28000084002F0D9BC0000036800211B68184781
:10B2900070470000043008B504F0DAF9012008BD59
:10B2A00010B521B10368BDE810405B681847043051
:10B2B00004F0A2F9012010BD043004F0BFB9000071
:10B2C00008B5043004F0E4FAB0FA80F0400908BD93
:10B2D00008B5302383F31188C368002B02DC0430E7
:10B2E00004F008FB04F0ACFA002383F3118808BDD6
:10B2F00010B5044606F074FE204610BDF8B5051DD5
:10B300000C4671B14EF66027BC422646284628BF3F
:10B310003E46314604F0E4FA50B1A41BF4D1204675
:10B3200005E0284604F0DCFAB0FA80F04009F8BDE8
:10B330000120FCE708B5302383F31188C368002B94
:10B3400002DC043004F0D6FA002383F3118808BD30
:10B35000044B10B5044640F8043B04F00BF92046BA
:10B3600010BD00BF68550108044B10B5044640F8F5
:10B37000043B04F071FA204610BD00BF445501089B
:10B3800002F066BE00B59BB0EFF309816822684603
:10B39000F6F7F4FFEFF30583014B9B6BFEE700BF6D
:10B3A00000ED00E008B5FFF7EDFF000000B59BB031
:10B3B000EFF3098168226846F6F7E0FFEFF30583B3
:10B3C000014B5B6BFEE700BF00ED00E0FEE7000015
:10B3D0000FB408B5029804F0B7FAFEE7014B586ABB
:10B3E000704700BF000C004005F090B805F072B83F
:10B3F00013B56C46031D84E8060094E8030083E857
:10B400000500012002B010BD73B58568019155B1EA
:10B410001B885B0707D4D0E900369B6B9847019ADD
:10B42000C1B23046A847012002B070BDF0B58668B1
:10B4300089B005460C465EB1BDF838305B070AD4CA
:10B44000D0E900379B6B98472246C1B23846B047D7
:10B45000012009B0F0BD0022002301F10806CDE96A
:10B46000002300230A46ADF8083003AB1068083209
:10B4700052F8041C1C46B24203C42346F6D110689D
:10B4800020609288A280FFF7B1FF0423ADF8083056
:10B490002B68CDE90001DB6B694628469847D7E762
:10B4A000082817D909280CD00A280CD00B280CD052
:10B4B0000C280CD00D280CD00E2814BF40203020B2
:10B4C00070470C20704710207047142070471820D8
:10B4D000704720207047000013B5002310F00104CE
:10B4E000ADF8063007D09942C2BF10F8013B01F118
:10B4F000FF318DF807300022012915DC04BF0378E5
:10B500008DF80630BDF80630134498B200EB1343B3
:10B5100098B200EB134024B10302C0F307209BB2A2
:10B52000184380B202B010BD30F8023B02391A4411
:10B53000E2E700002DE9F0411C680746069B8846BB
:10B5400016461D682B0C13FA85F3002513FA84F3B5
:10B5500003EB14439CB204EB13439CB204EB13447F
:10B56000C7B925B12302C4F307249BB21C4340464C
:10B57000F7F746FE05463046F7F742FE28440444F6
:10B58000A0B200EB1444A0B200EB1440C04380B260
:10B59000BDE8F08179897868FFF79EFF7B892044B8
:10B5A000DB0784B204EB104406D52302C4F307245E
:10B5B00085F001059BB21C433F68D1E7FFF7BABF96
:10B5C00008B5FFF789FFC04380B208BD70B50026FB
:10B5D0000546344645B926B12302C4F307249BB27D
:10B5E0001C43E04380B270BD69896868FFF774FF4F
:10B5F0006B890444DB07A0B200EB144406D5230298
:10B60000C4F3072486F001069BB21C432D68E1E7D2
:10B6100008B5FEF7A5FD00F00DF800F07BF8F7F790
:10B620003FFEF8F70FFB01F03FFBBDE80840FCF7D9
:10B630004FB80000704700007047000010B504F0DC
:10B64000CDFE044628B9FEF78DFDFEF793FD20469A
:10B6500010BDC31C23F003039842F8D0024AD52141
:10B660000248F7F75FFDF2E780550108A25501088F
:10B6700010B5044648B9094AE6210948F7F752FDD2
:10B680002046BDE8104004F0E5BEC31C23F00303D0
:10B690009842F5D0014AE7210248EFE780550108BA
:10B6A000C8550108D5550108830710B5044605D0D3
:10B6B000074A4FF4B6710748F7F734FDFEF752FD1D
:10B6C000FEF758FD2046BDE81040FFF7D1BF00BF90
:10B6D000F055010813560108033038B520F0030077
:10B6E000FFF7ACFF0446FEF73DFD054644B1A30756
:10B6F00005D0054A4FF48C710448F7F713FD28462E
:10B70000FEF738FD204638BDF055010834560108D3
:10B7100070470000704700000C2805D8034B53F811
:10B7200020301888FFF7D8BF002070478C560108DA
:10B730000C2803D811B10846FFF7B6BF70470000C8
:10B740002DE9F047B0F8088086B007468946B8F181
:10B750001C0F16464FF024004FF4207228BF4FF004
:10B760001C0808F10804A4B22146F8F725F805469C
:10B77000A8B34389A34205D21A4A40F26D111A4870
:10B78000F7F7D0FC6C683946D7F804A00823667038
:10B7900000264246284684F8009026716671A671FC
:10B7A000E671F8F75FF9DAF80C3005A80593FCF7B5
:10B7B00083FB074680B1A6702046E6706989FFF7D3
:10B7C000FFFE0123608005AA314628460297CDE995
:10B7D0000063FF23FCF7C0FC2846F7F78BFF06B099
:10B7E000BDE8F087C0560108E85601082DE9F0478A
:10B7F000DFF8549186B004460F46D9F808A09AF8AD
:10B80000005005F00F05AD00132D18D94389032B07
:10B8100015D943681B78082B11D1D9F8140000F012
:10B82000F003E02B0BD0D9F80010FCF7A7FC30B9DF
:10B830002389072B03D92046FFF7C8FE28B12046ED
:10B8400006B0BDE8F047F7F755BF05F110012046F7
:10B850001FFA85F80591F7F721FF059900285FD0B9
:10B86000238903EB080189B28B42E8D84FF4207298
:10B870001020F7F7A1FF06460028E0D0428905F125
:10B8800008039A4203D23046F7F734FFD7E7514610
:10B890002A464068F6F772FD29463046F7F702FF60
:10B8A00028B1254AB6212548F7F73CFCEBE72146AD
:10B8B0003046F8F74FF90028E5D120463446F7F72F
:10B8C00019FF294620466668F7F7E8FE0028B6D13A
:10B8D00065684FF6F772D9F814304146EB60D9F835
:10B8E00010304FF0FF092B61738830702846934267
:10B8F0008CBF093308339BB27380002685F808900B
:10B90000AE72EE72FFF75CFE0123688132460C498D
:10B9100020460297CDE900634B46FCF71DFC8EE7FD
:10B920002046F7F7BFFE0028CBD0034AC7210548C1
:10B93000F7F7F8FB83E700BFC0560108145701086A
:10B94000A86B002048570108946B00200A46032189
:10B95000FFF7F6BE0A460B21FFF7F2BE0A6810B5E4
:10B960000C320C46FEF7B2F908B994F9040010BD88
:10B9700000B589B060B1292300908DF808106946A0
:10B9800005488DF80930FFF7E9FF09B05DF804FBC1
:10B990006FF00F00F9E700BFBDCB000870B50D4692
:10B9A00088B0114600F038FE0446002832D00090DE
:10B9B00069461A488DF80850FFF7D0FF50B3636806
:10B9C00023B1174AA3211748F7F7ACFB236904F109
:10B9D000100523B9124AA4211348F7F7A3FB6369A2
:10B9E00023B10F4AA6211148F7F79CFBE36804F145
:10B9F0000C0623B90A4AA9210D48F7F793FB3046F4
:10BA0000FEF794FB2846FEF7A1FA21460024062003
:10BA1000FFF78EFE204608B070BD00BFE1C50008EC
:10BA20007C570108A1570108C2570108D7570108E0
:10BA3000F857010800B589B038B12923009069464C
:10BA400003488DF80930FFF789FF09B05DF804FB62
:10BA500075C8000838B5054640B1FFF7EBFF04464E
:10BA600010B9284600F01AFE204638BD0446FBE710
:10BA700000B589B068B161B15AB1009006488DF83F
:10BA80001030CDE902126946FFF768FF09B05DF892
:10BA900004FB6FF00F00F9E765CB000800B589B033
:10BAA00070B1094B0090002908BF19460748ADF84E
:10BAB0000C2002916946FFF751FF09B05DF804FBC5
:10BAC0006FF00F00F9E700BFB44901085DC9000835
:10BAD00000B589B048B100908DF808106946044857
:10BAE000FFF73CFF09B05DF804FB6FF00F00F9E7CA
:10BAF00085C9000800B589B068B1037803F0F00388
:10BB0000102B08D10090029169460448FFF726FFE8
:10BB100009B05DF804FB6FF00F00F9E759CA00089F
:10BB2000F0B589B09E460E9F002845D0047804F0F9
:10BB3000F004102C43D190F8285003F0040405F0D1
:10BB40000205254302D0002F39D00125002401F140
:10BB5000040C264604E05CF834309E192FD20134E0
:10BB6000A242F8DC002E03D10024204609B0F0BD2B
:10BB700002DA27B36FF00046ADF80C2000220090E7
:10BB8000029169460F4804928DF81CE0CDE90562E8
:10BB9000FFF7E4FE04460028E7D10FB1069B3B60A7
:10BBA000002DE1D1069BB342DED0074A4FF48661F7
:10BBB0000648F7F7B7FAD8E76FF00F04D5E76FF04C
:10BBC0000504D2E7ADCA00087C57010814580108E3
:10BBD0001FB5CDE90212069A02A900920122FFF7D1
:10BBE0009FFF05B05DF804FB38B5044648B1FEF789
:10BBF000B9FA002394F908502372FEF7BBFA2846DD
:10BC000038BD0546FBE7000070B505468AB00E4614
:10BC100021B96FF00F0420460AB070BD00230B60FD
:10BC20000028F6D0FFF7E0FF04468DF80300002857
:10BC3000F1D16B6905F1140013B96FF00E04EAE756
:10BC400095F82830DA07F8D49B070FD501A9FEF73D
:10BC5000C5F9013022D02B6B8BB90DF1030101988E
:10BC600000F098FC80B19DF90340D4E7EA6901A98E
:10BC7000FEF7E2F90130EED16FF00204CBE70022CB
:10BC8000012128469847E8E7019D002DD5D002A95B
:10BC900004480295FFF762FE3560BCE76FF00604CA
:10BCA000B9E700BF91CA0008002373B504460D46EA
:10BCB000019319B96FF00F0002B070BD0B6000283E
:10BCC000F8D0036900F1100633B9FFF78DFF0028A3
:10BCD000F2D16FF00A00EFE790F8283002F004028A
:10BCE00003F00303134302D190F9083053B301A9C1
:10BCF0003046FEF773F9013018D00DF103010198B9
:10BD000000F048FC40BB019B1E89FEF72BFA636ADA
:10BD10009B1B6362FEF72EFA236B1BB13246012197
:10BD200020469847019B00202B60C5E72046FFF77F
:10BD30005BFF0028C0D194F82830DB07C9D46FF02E
:10BD40000600B9E7C26901A93046FEF775F901306E
:10BD5000D3D16FF00200AFE79DF9030010F10F0F90
:10BD600008BF0020A8E7000030B1037803F0F0031B
:10BD7000102B01D0FFF798BF6FF00F007047000045
:10BD8000F0B5036989B004460F461646002B44D02F
:10BD900090F9285090F82830002D13DA03F07F0333
:10BDA00080F82830236B1BB10022012120469847E0
:10BDB00063685BBB2046FFF717FF051E08BF6FF0E7
:10BDC0000D051EE0FFF770FF0546D0B932073F684A
:10BDD0000CD4CFB13A89237803F0F003102B05D1AE
:10BDE00069460F4800940292FFF7B8FD4FB9F30679
:10BDF000D8D594F828306FF0060563F07F0384F8F7
:10BE00002830284609B0F0BD0122E4E70121204690
:10BE10006FF00E05FFF7ACFDF3E76FF00A05F0E7F2
:10BE200059CA000830B1037803F0F003102B01D198
:10BE3000FFF7A6BF6FF00F007047000007B501467F
:10BE400040680190F8F7F8F801980949F8F7FCF80C
:10BE500001980849F8F70EF9019802220649F8F707
:10BE600041F90649019803B05DF804EBF8F718B9F9
:10BE7000ADC3000841C30008C9C2000871C400086E
:10BE80002DE9F84F0F46044628B9914A40F27761F0
:10BE90009048F7F747F96378012B05D08C4A4FF4A7
:10BEA000CF618D48F7F73EF9E36A2BB9884A40F233
:10BEB00079618A48F7F736F963682BB9844A40F20A
:10BEC0007A618748F7F72EF9E36AD3E905329A4297
:10BED00005D37F4A40F27B618248F7F723F9E36A92
:10BEE0009B892BB97A4A40F27D617F48F7F71AF9AE
:10BEF000E36A94F8285093F81CA005F00205DFF8D7
:10BF0000ECB10AF004021543D4F82CE0DEF8080086
:10BF1000DEF8102043680168A3EB0208606801EBBB
:10BF20000209B8F5803FB0F864602ABF4FF6FF7190
:10BF30001FFA88F14AF0020AB14240F28780002DD0
:10BF40003FD0002E3FD1DEF81830002B0CBF6FF031
:10BF500006094FF00009E36AD3E905329A4280F0FE
:10BF60008380236B1BB1002203212046984794F85D
:10BF7000283043F0100384F82830B9F1000F40F066
:10BF80008A80E36AD3E905329A4200F08280003D5C
:10BF900018BF01256068FBF797F8043040F08F80E8
:10BFA0006FF00309E36A0025186883F80490E562DE
:10BFB0006570002F00F089800C30FEF7B3F828463A
:10BFC00075E04AF0020A3244934205D2404A40F2F8
:10BFD000A7615846F7F7A6F84FF6FF739E4202D1C5
:10BFE000B8F5803F07D21FFA88F8B04530D1E26A31
:10BFF0009289012A2CD94AF0020A4FF001084946D9
:10C00000534632466068FAF745FB814618BBE16A41
:10C010008A6932448A61E16A0A6932440A61E26AE1
:10C0200091681069496888420BD1918901399181E1
:10C03000E26A918929B1916808319160E26AC2F897
:10C040001090B8F1000F7FF45FAF0AE00E46BAE738
:10C050004FF00008D3E7431CDBB2012BA2D84FF00E
:10C06000FF39002D7FF477AF636841F27072B3F847
:10C070006410914204D9B3F86630162B7FF67DAF79
:10C08000236B002B3FF479AF002203212046984711
:10C0900073E701257EE7B9F1FF3F83D16068FBF7C5
:10C0A00013F804303FF47CAF1DB94FF0FF30BDE80A
:10C0B000F88FE36A9B692BB14FF0000972E7002DFE
:10C0C000FAD1F2E76FF006096CE73846EFE700BFF8
:10C0D00038580108534C0108D8580108F558010890
:10C0E0000F59010825590108645901088C590108A4
:10C0F0002DE9F84F8946044628B9694A40F2A6312D
:10C100006848F7F70FF8237803F0F003102B05D0F9
:10C11000634A40F2A7316448F7F704F86378042BC8
:10C1200005D05F4A4FF46A716048F6F7FBFF636819
:10C130002BB95B4A40F2A9315D48F6F7F3FFE36A99
:10C140002BB9574A40F2AA315A48F6F7EBFFE36A97
:10C1500065681B7A032B03F0010A03F002080FD075
:10C16000BAF1000F05D02B7D5A1F012A08D9082BE0
:10C1700006D0B8F1000F16D06F8B17F0100704D05F
:10C18000012700212846F7F757FF2B7D012B0CD103
:10C1900000212846F7F79AFF27BB4246514628461A
:10C1A000F8F75AFB21E04746EFE7BAF1000F07D056
:10C1B00000212846F7F748FF00212846F7F786FFB9
:10C1C000B8F1000F03D000212846F7F753FF002FE6
:10C1D000E3D0002228461146F7F784FF00212846C5
:10C1E000F7F75EFF2846F8F791FA064660B1431C60
:10C1F0000AD1E36A93F809B0BBF1000F30D11FB147
:10C200005E462846F8F7C2F8E36A1D681E710023EF
:10C21000E3626370CEB937B1236B66601BB13246FF
:10C22000042120469847BAF1000F05D0236B1BB1BB
:10C230000022204611469847B8F1000F05D0236B25
:10C240001BB10022022120469847B9F1000F25D0EA
:10C25000002605F10C00FDF765FF3046BDE8F88FBC
:10C260002B7D012B05D10E4A40F245411248F6F7CD
:10C2700059FFB8F1000F03D010492846F7F7FAFE2E
:10C28000012228460E49F7F72DFF28460D49F7F7FA
:10C2900007FF21462846F7F7CFFEDEE74E46DCE7EC
:10C2A00038580108B8590108C5590108E35901086F
:10C2B000075A0108F55801081A5A010841C3000835
:10C2C000C9C2000871C4000810B5044628B91A4A4A
:10C2D00040F26D111948F6F725FF617801291ED14A
:10C2E0002046FFF7CDFD94F82830DA0615D56268B0
:10C2F0009AB1B2F8640041F2707188420DD9B2F877
:10C300006620162A09D823F0100384F82830236BFE
:10C310001BB10022022120469847002010BD0429AD
:10C32000E1D1E26A1AB1537A0BB1013B5372012198
:10C330002046FFF7DDFED6E738580108534C0108C8
:10C3400038B51546044668B9164A4FF4CB711648FD
:10C35000F6F7E8FE002038BD042908D10121FFF7D7
:10C36000C7FE04E041780129F6D1FFF789FD636833
:10C37000002BEFD0B3F8641041F270729142E9D90A
:10C38000B3F86630162BE5D894F8283023F0100364
:10C3900084F82830236B002BDCD02A46022120466B
:10C3A0009847D7E738580108534C0108F8B50546B7
:10C3B00016461C460F4629B9274A40F22F11274836
:10C3C000F6F7B0FE6DBB244A4FF498712448F6F797
:10C3D000A9FE3CBB6FF005042046F8BD3846318904
:10C3E000F7F7C0FD3046F7F785F9F5E79EB13789D5
:10C3F0003146FDF7B9FD044680B9FDF7B3FE6B6A1F
:10C400003B446B62FDF7B6FE2B6B1BB33A462146ED
:10C4100028469847E0E7134E0027E9E74FF0FF343E
:10C42000DAE73CB10C4A40F231110F48F6F77AFED8
:10C43000002DCFD06B68BB4205D0074A4FF49C71EA
:10C440000A48F6F76FFE2C6905F11000002CCDD1DB
:10C45000002EC3D10024BFE738580108405A010814
:10C46000625A0108705C0108815A0108995A010852
:10C47000F8B50D46044628B93F4A40F2BB113F4883
:10C48000F6F750FEFDF76EFE94F828300026677828
:10C4900043F001032572666084F828306670FDF76A
:10C4A00069FE236B1BB13246042120469847236B5B
:10C4B0001BB10022204611469847236B1BB1002276
:10C4C00002212046984705F10F03DBB2022B3ED82C
:10C4D0002B4A52F82360236923B1314604F110003E
:10C4E000FDF742FD636923B1314604F11400FDF705
:10C4F0003BFD012F02D0FB1E012B32D894F82830CF
:10C5000023F004025B0784F8282034D4E36A2BB9B3
:10C51000194A40F2E9111B48F6F704FE042FE36ABA
:10C520000ABF00221D711A71E36A1B6803F10C0532
:10C53000DB682BB9104A4FF4F9711348F6F7F2FD96
:10C5400000232846E362BDE8F840FDF7EBBD35B1B6
:10C55000094A7D210D480026F6F7E4FDBBE72E468B
:10C56000B9E7E36A3BB1044A4FF4FD710848BDE8FE
:10C57000F840F6F7D7BDF8BD38580108534C01080C
:10C58000605C0108F5580108C85A0108B85A01084A
:10C59000E15A010838B505460C4621B90B4A8521F8
:10C5A0000B48F6F7BFFD0B4B9D4203D1F32301204F
:10C5B000237038BD084B9D4201D1F223F7E7074BAA
:10C5C0009D4201D1F123F2E70020F2E7385801083B
:10C5D000FC5A01086C5C0108745C0108705C01087D
:10C5E00038B50023056804460371686898B92B784C
:10C5F00003F0F003102B0CD1F7F7D6FF686020682A
:10C60000436823B1FFF71AFC23685B681BB9FF235B
:10C6100000E0FA23237138BD70B5054606200E46AA
:10C62000FFF77AF8044690B3057005F0F005002195
:10C63000102D017241600CD100F110052846FDF764
:10C640005FFC014660B1214606200024FFF770F828
:10C650001DE0104A40F2EB210F48F6F763FDF2E7C8
:10C6600004F10C00FDF738FD18B12846FDF76EFC0B
:10C67000E9E74FF0FF3360616070A3616FF0004342
:10C68000E06184F82800C4E90B06C4E908302046BC
:10C6900070BD00BF38580108085B010810B5436839
:10C6A00004462BB1104A4FF448711048F6F73AFD92
:10C6B00023692BB10C4A40F227310D48F6F732FDC1
:10C6C00063692BB1084A40F22A310A48F6F72AFD7D
:10C6D00004F10C00FDF72AFD002321460620E3604B
:10C6E000BDE81040FFF724B838580108305B010856
:10C6F0005E5B0108985B0108F7B50369044663B106
:10C7000000F1100501A92846FDF768FC013015D19C
:10C710002846FDF71BFC00232361636963B104F124
:10C72000140701A93846FDF759FC013019D13846E4
:10C73000FDF70CFC0023636103B0F0BD2378019882
:10C7400003F0F003102B09D10DF10301FFF722FFD5
:10C750000028D7D10198F6F7CDFFD3E700F092FA81
:10C76000D0E70DF103010198FFF714FF06460028FA
:10C77000D7D1019D2846FFF7BFFF686810B1F7F7D2
:10C7800005FE6E602846FFF789FFCAE7F7B50D463C
:10C79000044620B96FF00505284603B0F0BD436993
:10C7A00000F11407002BF5D069B92F493846FDF781
:10C7B000DBFB02460028EDD1236B002BEAD00146BB
:10C7C00020469847E6E72AB1284A40F22D2128481A
:10C7D000F6F7A8FC216B2078FFF71EFF064668B924
:10C7E00021493846FDF7C0FB024620B9236B13B13F
:10C7F0000146204698474FF0FF35CDE74560FFF7EB
:10C800001DFB2846F7F73EFA31463846FDF7ACFBEC
:10C81000054600B37068002100240190F7F70CFC76
:10C8200001980021F7F710FC01980021F7F722FC8E
:10C83000002201981146F7F755FC00210198F7F7FF
:10C840002FFC06F110007460FDF780FB3046346168
:10C85000FFF724FFCFE7236B002B9DD00246014654
:10C860002046984798E700BF6C5C010838580108DB
:10C87000D45B010870B5036804465D7865B11B7828
:10C8800003F0F003102B05D0304A40F262413048EB
:10C89000F6F748FC022D3FD1002520682571FFF7EF
:10C8A0002BFF23685A68002A41D01A7802F0F00260
:10C8B000102A3BD1DB6A2BB1244A4FF493612548FF
:10C8C000F6F730FC2368042200215A7003232372F8
:10C8D0002368DC622068FFF70BFC30B323685B78C9
:10C8E000042B05D0194A40F29E411B48F6F71AFC6A
:10C8F000FDF7FCFA206800210C30FDF701FCFDF784
:10C90000EDFA23685B7883B1104A40F2A2411248E5
:10C91000BDE87040F6F706BC032D04D1236893F8F8
:10C9200028305B07B8D4FB23237170BD5D6020689D
:10C93000036B13B10022114698472068036B002B4C
:10C94000F3D000220221BDE8704018473858010892
:10C95000FC5B0108105C01082B5C010810B5036842
:10C960000446586850B11B7803F0F003102B05D132
:10C97000A289A168F7F70CFA207110BD6FF00500CD
:10C98000FAE7000073B5036804465868002859D0D8
:10C990001A7802F0F002102A56D15B78002B3BD1B6
:10C9A000067D1EB1FA238DF8073022E00DF1070253
:10C9B000217AF7F73DFA0546D8B12068036923B11B
:10C9C0001030FDF7C3FA23681E6120680023466912
:10C9D0008DF8073096B1236802225A7023685D6093
:10C9E00021684868F7F728FB236818495868F7F763
:10C9F0006DFB9DF80730237102B070BD142108440F
:10CA0000FDF77EFA8DF807000028E4D02846F7F7F6
:10CA10007DFE23685E60ECE7022B13D100238DF8C6
:10CA20000730037D012B05D0094A40F2EA5109483D
:10CA3000F6F778FB23685A68237A012B38BF012365
:10CA40001377D6E7F523AEE7F023ACE78DC70008F0
:10CA50003858010868370108F8B500230446037107
:10CA600003685A6892B11B7803F0F003102B0DD1C4
:10CA700085684FF6FF77BD422E46236828BF3E46A5
:10CA80005868B1B2F7F76EFAAD1BF4D1F8BD0000EB
:10CA9000002303710368586830B11B7803F0F0037A
:10CAA000102B01D1F7F716B97047000010B50446F6
:10CAB0000068FFF799F8002846D123681A7802F039
:10CAC000F002102A40D15A78002A3BD15A68002A35
:10CAD0003CD001225A702368DB6A2BB11D4A40F218
:10CAE00027711D48F6F71EFB63692BB9194A4FF4ED
:10CAF000E5611A48F6F716FB23680021DC6220681E
:10CB0000FFF7BEF908B323685B78012B05D0114A03
:10CB100040F22C711248F6F705FBFDF7E7F92068A3
:10CB200000210C30FDF7ECFAFDF7D8F923685B78AB
:10CB3000012B0AD1074A4FF4E6610948BDE81040CD
:10CB4000F6F7F0BA6FF00400207110BD6FF00A0024
:10CB5000FAE700BF38580108105C0108345C01088E
:10CB60002B5C010803685B6893B1017C826891B11A
:10CB70001B681360002302680371137803F0F0034D
:10CB8000102B10D15368027C3AB91A7D012A08D8BB
:10CB9000F523037170475B68EBE7DB8AC26813809B
:10CBA00070471B8BFAE7034A40F281710248F6F79F
:10CBB000B9BA00BF38580108485C010810B50446EE
:10CBC0000068436863B1037803F0F003102B07D1CA
:10CBD000227A4378032A01D0022B01D0032B02D101
:10CBE000F523237110BD012B01D1FB23F9E7D307F6
:10CBF00001D5FFF781FD2368DB6A2BB1174A40F2AC
:10CC0000C1711748F6F78EFA2368042200215A7082
:10CC10002368DC622068FFF76BFA0028E2D0236803
:10CC20005B78042B05D00D4A40F2C6710D48F6F72B
:10CC300079FAFDF75BF9206800210C30FDF760FA06
:10CC4000FDF74CF923685B78002BCBD0034A40F208
:10CC5000CA710448BDE81040F6F764BA38580108B4
:10CC6000105C01082B5C010800F11003DBB2102BF3
:10CC70009DBF4042024B53F820000520704700BF83
:10CC8000785C010810B5044660B1006820B1F6F781
:10CC900031FD0023C4E9003321460520BDE81040E2
:10CCA000FEF746BD10BD000008B50548FEF730FD93
:10CCB0000448FEF72DFD00F007F8002008BD00BF76
:10CCC000C05C0108BC5C010808B5FDF747FA024AE0
:10CCD00013681844106008BDAC6B00202DE9F041CA
:10CCE000456A15B94162BDE8F0814B68AC4623F056
:10CCF0006047C3F38A464FEAD37EC3F3807816EACF
:10CD0000230638BF3E462B465A68BEEBD27F22F040
:10CD100060440AD0002A18DAA40CB44217D19D420C
:10CD20000FD10D60DEE71346EEE7A74207D102F010
:10CD30008044C2F3807242450BD054B1EFE708D271
:10CD4000EDE7CCF800100B60CDE7B44201D0B4425F
:10CD5000E5D81A689C46002AE5D11960C3E70000AF
:10CD60002DE9F047089D01F0070400EBD1004FF4D6
:10CD70007F494FEAD508224405F00705944201D1C6
:10CD8000BDE8F08704F0070705F0070A111B08EB60
:10CD9000D50E57453E4613F80EC038BF5646C6F16D
:10CDA00008068E4228BF0E46E108415C34443544F3
:10CDB000B94029FA06F721FA0AF1FFB28CEA01011B
:10CDC00047FA0AF739408CEA010C03F80EC0D5E7A0
:10CDD00080EA0120082341F2210201B2013B400018
:10CDE000002980B2B8BF504013F0FF03F5D170475F
:10CDF00038B50C468D18A54200D138BD14F8011B7A
:10CE0000FFF7E6FFF7E7000042684AB1136881893F
:10CE10004360438901339BB29942438138BF838188
:10CE20001046704770B588B0044620220D4668460B
:10CE30000021F5F7D5FA20460495FFF7E5FF0246F5
:10CE400060B16B46054608AE1C46083503CCB442BB
:10CE500045F8080C45F8041C2346F5D1104608B0E7
:10CE600070BD0000082817D909280CD00A280CD05A
:10CE70000B280CD00C280CD00D280CD00E2814BF79
:10CE80004020302070470C2070471020704714203D
:10CE9000704718207047202070470000082817D9D5
:10CEA0000C280CD910280CD914280CD918280CD906
:10CEB00020280CD930288CBF0F200E207047092065
:10CEC00070470A2070470B2070470C2070470D20D8
:10CED000704700002DE9F843078C0446072F1ED940
:10CEE00000254FF6FF73D0E90298C5F12006A5F1A1
:10CEF000200029FA05F1083508FA06F628FA00F0AC
:10CF0000314301431846C9B2FFF762FF402D034683
:10CF1000EBD13A46E169BDE8F843FFF769BF4FF648
:10CF2000FF70BDE8F883000010B54B6823B9CA8ACA
:10CF300063F30902CA8210BD04691A681C600361A8
:10CF4000C38A013BC3824A60EFE700002DE9F84F36
:10CF50001D46CB8A0F468146C3F309019246052937
:10CF60000B4630D00020AAB207F11A049EB21FFA75
:10CF700080F8042E0FD8904503F1010306D30A442C
:10CF8000FB8A62F309030120FB821AE01AF80060B1
:10CF90000130E654EAE79045F1D2A1F1050B1C23DC
:10CFA0007C68BBFBF3F203FB12BB1FFA8BF6002C71
:10CFB00045D14846FFF728FF044638B978606FF03E
:10CFC0000200BDE8F88F4FF00008E6E70026066093
:10CFD0007860ADB24FF0000B454510D90AEB08035D
:10CFE000221D13F8011B08F101089155B1B21FFA77
:10CFF00088F81B292BD0454506F10106F1D8FB8A9C
:10D00000C3F30902154465F30903BCE701321C466A
:10D0100092B22368002BF9D16B1F0B441C21B3FB88
:10D02000F1F301339BB29A42D3D2BBF1000FD0D1BE
:10D030004846FFF7E9FE20B9C4F800B0BFE7012277
:10D04000E7E7C0F800B05E4620600446C1E745450A
:10D05000D5D94846FFF7D8FE08B92060AFE7C0F839
:10D0600000B0002620600446B6E700002DE9F04F2E
:10D070001C46074688462DED028B83B05B69019202
:10D08000002B00F09A80238C2BB1E269002A00F07B
:10D090009480072B35D807F10C00FFF7B5FE054645
:10D0A00038B96FF00205284603B0BDEC028BBDE82D
:10D0B000F08F14220021F5F793F9228CE16905F134
:10D0C0000800F5F75BF9208C48F00041013080B290
:10D0D000FFF7E4FEFFF7C6FE013880B2208401307E
:10D0E000287438466369228C1B782A4403F01F0396
:10D0F00063F03F03137269602946FFF7EFFD0125D6
:10D10000D1E74FF0000900F10C034FF0800A4E46C2
:10D110004D4608EE103A18EE100AFFF775FE8346EA
:10D120000028BED014220021F5F75AF9002E3AD17A
:10D13000019B0222ABF808300BF1080E1FFA82FCAB
:10D14000218C0CF10100BCF1060F80B201D88E4297
:10D150002BD3FFF7A3FE8E4208BF4FF0400AFFF724
:10D1600081FE62690138013512781BFA80F10130C5
:10D1700002F01F022DB242EA491289F001094AEA7F
:10D18000020A48F0004281F808A059468BF81000C6
:10D190003846CBF804204FF0000AFFF79FFD238CA0
:10D1A000B342B8D17FE70022C6E7E169895D013665
:10D1B0000EF80210B6B20132C0E76FF0010572E757
:10D1C000F8B515460E463022002104461F46F5F7F5
:10D1D00007F9069BB5F5001FA760636004F1100016
:10D1E000079B34BF6A094FF6FF72E661A362002312
:10D1F00097B29A4206D800230360A782E382238372
:10D20000E360F8BD0660013330462036F1E70000E8
:10D2100003781BB94BB2002BC8BF017070470000E8
:10D2200000787047F8B50C46C969074611B9238CD8
:10D23000002B37D1257E1F2D34D8387828BB228C7F
:10D24000072A2CD8268A36F003032BD14FF6FF701D
:10D25000FFF7CEFD20F0010031024FF6FF724004CF
:10D2600041EA0561400C41EA4025234629463846FB
:10D27000FFF7FCFE002807DD626913780133DBB29B
:10D280001F2B88BF00231370F8BD218A2D0645EAA5
:10D29000012505432046FFF71DFE0246E5E76FF036
:10D2A0000300F1E76FF00100EEE7000070B58AB00F
:10D2B000044616460021282268461D46F5F790F8D8
:10D2C000BDF8383069462046ADF810300F9B059305
:10D2D0009DF840308DF81830119B0793BDF8483009
:10D2E000CDE90265ADF82030FFF79CFF0AB070BDB4
:10D2F0002DE9F041D36905460C4616460BB9138C4F
:10D300005BBB377E1F2F28D895F80080B8F1000F3F
:10D3100026D03046FFF7DEFD33782102024628464C
:10D3200041EAC331338A41EA080141EA076141EA2F
:10D330000341334641F08001FFF798FE00280ADDE3
:10D340003378012B07D1726913780133DBB21F2BBD
:10D3500088BF00231370BDE8F0816FF00100FAE789
:10D360006FF00300F7E70000F0B58BB004460D4600
:10D3700017460021282268461E46F5F731F89DF829
:10D380004C30294620465A1E534253416A468DF876
:10D3900000309DF84030ADF81030119B05939DF89A
:10D3A00048308DF81830149B0793BDF85430CDE900
:10D3B0000276ADF82030FFF79BFF0BB0F0BD000008
:10D3C000406A00B104307047436A1A6842620269D9
:10D3D0001A600361C38A013BC38270472DE9F041A3
:10D3E000D0F8208014461D46184E4146002709B942
:10D3F000BDE8F081D1E90223A21A65EB030396424E
:10D4000077EB03031ED2036A8B420DD1FFF78CFD2D
:10D41000036A1B68036203690B60C38A0161013BF5
:10D42000016AC3828846E2E7FFF77EFD0B68C8F811
:10D43000003003690B60C38A0161013BC382D8F8E5
:10D440000010D4E788460968D1E700BF80841E0039
:10D450002DE9F04F8BB00D4614469B46DDF85090F9
:10D460008046002800F01881B9F1000F00F0148107
:10D47000531E3F2B00F21081012A03D1BBF1000F94
:10D4800040F00A810023CDE90833B8F81430B5EB39
:10D49000C30F4FEAC30703D300200BB0BDE8F08FE2
:10D4A0002B199F42D8F80C3036BF7F1B2746FFB29E
:10D4B0001BB9D8F81030002B7AD0272D4DD8C5F1E4
:10D4C000280600232946B742009308ABD8F8080085
:10D4D0002CBFF6B23E46A7EB060A354432465FFA49
:10D4E0008AFAFFF73DFCB8F81430282103F1005305
:10D4F000053BDB000493D8F80C300393039B13B176
:10D50000BAF1000F2CD1D8F8100040B1BAF1000FD9
:10D5100005D008AB5246691A0096FFF721FC38B2D5
:10D52000002FB9D066070AD00AAB624203EBD401E0
:10D5300002F0070211F8083C134101F8083C082CDE
:10D540003DD9102C40F2B580202C40F2B780BBF1C1
:10D55000000F00F09C80082335E0BA460026C2E7A1
:10D56000049BE02B28BFE02306930B44AB420593BA
:10D5700015D95A1B0398691A0096924508AB00F119
:10D58000040034BF5246D2B20792FFF7E9FB079A74
:10D590001644AAEB020A1544F6B25FFA8AFA049B13
:10D5A000069A05999B1A0493039B1B680393A5E7AE
:10D5B00000933A4608AB2946D8F80800ADE7BBF11E
:10D5C000000F13D00123B4EBC30F6BD0082C12D87B
:10D5D0009DF82030621E23FA02F2D50706D54FF0DF
:10D5E000FF3202FA04F423438DF820309DF82030F6
:10D5F00089F8003051E7102C12D8BDF82030621E97
:10D6000023FA02F2D10706D54FF0FF3202FA04F4F2
:10D610002343ADF82030BDF82030A9F800303CE7B6
:10D62000202C0FD80899631E21FA03F3DA0705D5D9
:10D630004FF0FF3202FA04F40C430894089BC9F837
:10D6400000302AE7402C2AD0611EC4F12102A4F147
:10D650002103DDE9086526FA01F105FA02F225FA4F
:10D6600003F311431943CB0711D50122A4F1200381
:10D67000C4F1200102FA03F322FA01F1A2400B43A4
:10D68000524263EB430332432B43CDE90823DDE9E8
:10D690000823C9E9002300E76FF00100FDE66FF001
:10D6A0000800FAE6082CA1D9102CB4D9202CEED809
:10D6B000C4E7BBF1000FAED0022384E7BBF1000F3B
:10D6C000BCD004237FE70000012A30B5144638BFE0
:10D6D000012485B00025402C28BF4024012ACDE933
:10D6E000025518D81B788DF8083063070AD004ABB0
:10D6F000624203EBD40502F0070215F8083C9340A0
:10D7000005F8083C034600912246002102A8FFF7D5
:10D7100027FB05B030BD082AE4D9102A03D81B889E
:10D72000ADF80830E1E7202A95BF1B68D3E9002354
:10D730000293CDE90223D8E710B5CB681BB98B6003
:10D740000B618B8210BD04691A681C600361C38A77
:10D75000013BC382CA60F0E703064CBFC0F3C03090
:10D760000220704708B50246FFF7F6FF022806D1EF
:10D770005306C2F30F2001D100F0030008BDC2F32D
:10D780000740FBE72DE9F04F93B004460D46CDE985
:10D7900003230A681046FFF7DFFF0228824614BF02
:10D7A000C2F306260026002A80F2F88112F0C04952
:10D7B00040F0F481097B002900F0F081022803D0B9
:10D7C0002378B34240F0ED81C2F30463104629444C
:10D7D000069302F07F030593FFF7C4FF059B002229
:10D7E00083464FEA8348002348EA0A4848EA4668E5
:10D7F000CE78CDE90823F30948EA0008029368D0FF
:10D80000059B024608A92046009353466768B8471F
:10D81000002800F0C981276A4FB9414604F10C0085
:10D82000FFF700FB074690B96FF0020055E03B6937
:10D8300098450DD03F68002FF9D1414604F10C0006
:10D84000FFF7F0FA07460028EED0236A3B60276214
:10D8500097F817C006F01F08CCF3840CACEB080057
:10D86000A8EB0C031FFA80FE0028B8BF0EF12000C1
:10D870001FFA83FEB8BF00B2002B0793B8BF0EF1AA
:10D880002003D7E90221BCBF1BB2079352EA010370
:10D8900038D0039B4FF0000CDFF81CE39A1A049B6E
:10D8A00063EB010196457CEB01032BD36B7B97F86F
:10D8B0001AE0734519D1029B002B78D0012821DC96
:10D8C0007868F8B9DFF8ECC2944570EB010316D321
:10D8D00037E0276A27B96FF00C0013B0BDE8F08F6E
:10D8E0003B699845B4D03F68F4E7B24890427CEB7E
:10D8F000010301D30020F0E7029B002BFAD0079B25
:10D900000F2B17DCFA7DB3003946204602F00302E4
:10D9100003F07C031343FB75FFF706FB6B7BBB76C1
:10D92000029B3BB9FB7DC3F38402013262F38603A1
:10D93000FB75D0E76A7BBB7E9A42DBD1029B002B52
:10D9400035D0B309022B32D0039B142200210DA83D
:10D95000BB60049BFB60F4F743FD039B0AA92046D0
:10D960000A93049BADF83EB00B932B1D8DF840A09D
:10D970000C932B7B8DF84180013BDBB2ADF83C3042
:10D98000069B8DF84230059B8DF8433094F82C307F
:10D9900083F001038DF84430A3689847FB7DC3F3FF
:10D9A0008403013303F01F039B02FB82A2E7FB7D8C
:10D9B000C6F34012B2EBD31F40F0F980C3F38403E7
:10D9C000434540F0FB80029AB6092B7B002A52D0D7
:10D9D00016F0010661D1032B40F2F380039B394618
:10D9E00004F10C00BB60049BFB60FB8A66F3090337
:10D9F000AE1DFB8232462B7B033BDBB2FFF7A6FA60
:10DA000000280CDA39462046FFF78EFAFB7DC3F377
:10DA10008403013303F01F039B02FB8204E7AB88FE
:10DA2000DDE908843B834FF6FF73C9F12000A9F1BB
:10DA3000200228FA09F109F1080904FA00F024FA91
:10DA400002F2014318461143C9B2FFF7C1F9B9F117
:10DA5000400F0346E9D1B88231462A7B033AD2B25D
:10DA6000FFF7C6F9FB7DB882DA43C2F3C01262F356
:10DA7000C713FB753EE786B92E1D013B394604F1FD
:10DA80000C00DBB23246FFF761FA0028BADB2A7BD2
:10DA90003146B88A013AD2B2E2E7F98A013BC1F3D2
:10DAA0000901DAB204295BD8281D002307F11B06FF
:10DAB0009A4208D910F801CB013306F801C00131B0
:10DAC000DBB20529F4D1039993420A9138BF04339C
:10DAD00004992CBF002355FA83F30B9107F11B0126
:10DAE0000C9179680E930D91291DFB8AADF83EB01B
:10DAF000C3F309038DF840A08DF841801A44069BBA
:10DB00008DF84230059BADF83C208DF8433094F8F9
:10DB10002C3083F001038DF844300023B88A7B60F9
:10DB20002A7B013AFFF764F93B8BB882834203D129
:10DB3000A3680AA92046984720460AA9FFF7FCFDDA
:10DB4000FB7DBA8AC3F38403013303F01F039B02F6
:10DB5000FB823B8B9A420CBF00206FF01000BCE6AA
:10DB60007B68002BAFD0052001E01C3033461E68D7
:10DB7000002EFAD1091A2E1D081D184401EB090CBC
:10DB80005FFA89F3BCF11B0F9DD89A429BD916F816
:10DB9000013B09F1010900F8013BEFE76FF00900D3
:10DBA0009BE66FF00A0098E66FF00B0095E66FF0C9
:10DBB0000D0092E640420F0080841E006FF00E00C0
:10DBC0008BE66FF00F0088E6EFF3098305496833B1
:10DBD0004A6B22F001024A6383F30988002383F32E
:10DBE0001188704700EF00E0302080F3118862B6A2
:10DBF0000D4B0E4AD96821F4E0610904090C0A436F
:10DC00000B49DA60D3F8FC2042F08072C3F8FC20A4
:10DC1000084AC2F8B01F116841F0010111602022CA
:10DC2000DA7783F82200704700ED00E00003FA0580
:10DC300055CEACC5001000E0302310B583F3118839
:10DC40000E4B5B6813F4006314D0F1EE103AEFF35F
:10DC500009844FF08073683CE361094BDB6B2366FA
:10DC600084F3098801F0CAFD10B1064BA36110BD11
:10DC7000054BFBE783F31188F9E700BF00ED00E0F7
:10DC800000EF00E03F04000842040008F0B500F196
:10DC90000B0423460D46B1FBF2F102FB115707F1CD
:10DCA0003006392EC8BF07F13706954203F8016DDB
:10DCB000F0D2421EE11A13F8015B9C4202F8015FA8
:10DCC000F9D10844F0BD00002DE9F04F804687B03F
:10DCD00015464FF000090C4614F8013B002B3BD0D1
:10DCE000252B08D0D8F800201946404609F1010933
:10DCF000D268904749E14B782D2B06BF8C1C01233D
:10DD00000023019323782B2B06BF01340127002722
:10DD100094F800A0BAF1300F0CBF01344FF0200A84
:10DD200023782A2B1CD16178023455F804BB2E29A4
:10DD300043D1217881B12A2921D0661C0020A1F18C
:10DD400030023446D2B2092A1DD80A2316F8011B24
:10DD500003FB00200029F2D1484607B0BDE8F08F50
:10DD60004FF0000B14F8011B0029F5D0A1F130028F
:10DD7000D2B2092ADBD80A2303FB0B2BF2E7617826
:10DD8000023455F8040B01F0DF024C2A17D1217838
:10DD90000029E1D0782904F101041FD8622900F29A
:10DDA000008158291AD84E2900F23081442900F008
:10DDB0009180492900F08E8010E00020E3E7A1F176
:10DDC00041027829D2B209D862290BD8582905D83E
:10DDD0004E293BD8442978D0492976D02E468DF853
:10DDE0000C1056E0A1F16306152EF7D80FF2040CC3
:10DDF0005CF826F085DE0008CBDE0008DDDD0008DB
:10DE0000DDDD0008DDDD0008DDDD0008CBDE00081B
:10DE1000DDDD0008DDDD0008DDDD0008DDDD0008FA
:10DE2000DDDD00085BDF000849E00008DDDD0008FB
:10DE3000DDDD00089BDE0008DDDD000845E00008B0
:10DE4000DDDD0008DDDD000849E00008A1F14F023A
:10DE5000092AC3D801A050F822F000BF5BDF0008F8
:10DE600049E00008DDDD0008DDDD0008DDDD00083B
:10DE7000DDDD000845E00008DDDD0008DDDD00082F
:10DE800049E000082E464FF0200A56F8042B8DF882
:10DE90000C2003AD0DF10D002BE02E4647F6FF726E
:10DEA0006A4B56F8045B002808BF1046002D08BFD7
:10DEB0001D462A462F18104612F8011B11B1B91A37
:10DEC0000029F8DA4FF0200A13E02E46192A56F8F6
:10DED000041B02D82E4656F8041B002936DA2D22E0
:10DEE00049428DF80C200DF10D000A2203ADFFF719
:10DEF000CDFE471B0199ABEB070323EAE372002930
:10DF000045D1002BC2F1000B1EDD29782D2901D04F
:10DF10002B290DD1BAF1300F0AD1D8F80030404684
:10DF2000019209F10109DB68013F98470135019A27
:10DF3000D8F80030514640460192DB6898471BF103
:10DF4000010B019AF4D191443B4615E01FB12B22FD
:10DF50008DF80C20C7E703A8C7E708222E4603A8C0
:10DF600056F8041BC2E7D8F80020404615F8011BFC
:10DF7000D26801939047019B013BF4D5002FA8BFC5
:10DF8000B9445D462DB9D94435462146A3E69346AA
:10DF9000DAE7D8F8003051464046013DDB68984743
:10DFA000F0E7A1F16302152A3FF618AF01A353F879
:10DFB00022F000BF85DE0008D5DE0008DDDD0008A8
:10DFC000DDDD0008DDDD0008DDDD0008D5DE000850
:10DFD000DDDD0008DDDD0008DDDD0008DDDD000839
:10DFE000DDDD00085BDF000849E00008DDDD00083A
:10DFF000DDDD00089BDE0008DDDD000845E00008EF
:10E00000DDDD0008DDDD000849E00008A1F14F0278
:10E01000092A3FF6E3AE01A353F822F05BDF0008C4
:10E0200049E00008DDDD0008DDDD0008DDDD000879
:10E03000DDDD000845E00008DDDD0008DDDD00086D
:10E0400049E000080A2289E7102287E7C45C01083A
:10E05000F0B5054687B016461F460C4689B14A1EE4
:10E060000023294601A800F05FF83A46314601A88E
:10E07000FFF72AFE049BA3423CBF0022EA5407B0EC
:10E08000F0BD0A46ECE70000D0E902239A421FBF28
:10E090004268D154C36801331ABFC36000206FF0D7
:10E0A00001007047D0E903239A421FBF4268D25C47
:10E0B0000133036114BF10466FF001007047000088
:10E0C00003692BB1013B426803610020D1547047C2
:10E0D0006FF001007047000038B504460846D4E9E7
:10E0E00003315B1A934228BF13461D4663682A46D4
:10E0F0001944F4F743F9236928462B44236138BDBA
:10E1000038B50446D0E902301B1A934228BF1346A3
:10E110001D4663682A461844F4F730F9E368284638
:10E120002B44E36038BD000010B5C0E90223034C66
:10E130000023C0E90041036110BD00BFCC5C0108B1
:10E1400008B5074B074A196801F03D01996053680B
:10E150000BB190689847BDE80840FFF76DBD00BF60
:10E1600000000240B06B002008B5084B196889090F
:10E1700001F03D018A019A60054AD3680BB110692C
:10E180009847BDE80840FFF757BD00BF00000240B8
:10E19000B06B002008B5084B1968090C01F03D016F
:10E1A0000A049A60054A53690BB190699847BDE823
:10E1B0000840FFF741BD00BF00000240B06B0020E7
:10E1C00008B5084B1968890D01F03D018A059A6070
:10E1D000054AD3690BB1106A9847BDE80840FFF7BC
:10E1E0002BBD00BF00000240B06B002008B5074BFC
:10E1F000074A596801F03D01D960536A0BB1906A32
:10E200009847BDE80840FFF717BD00BF0000024077
:10E21000B06B002008B5084B5968890901F03D0131
:10E220008A01DA60054AD36A0BB1106B9847BDE8E2
:10E230000840FFF701BD00BF00000240B06B0020A6
:10E2400008B5084B5968090C01F03D010A04DA6071
:10E25000054A536B0BB1906B9847BDE80840FFF738
:10E26000EBBC00BF00000240B06B002008B5084BBB
:10E270005968890D01F03D018A05DA60054AD36BC2
:10E280000BB1106C9847BDE80840FFF7D5BC00BF44
:10E2900000000240B06B002008B5074B074A196820
:10E2A00001F03D019960536C0BB1906C9847BDE84B
:10E2B0000840FFF7C1BC00BF00040240B06B002063
:10E2C00008B5084B1968890901F03D018A019A6077
:10E2D000054AD36C0BB1106D9847BDE80840FFF7B5
:10E2E000ABBC00BF00040240B06B002008B5084B77
:10E2F0001968090C01F03D010A049A60054A536D42
:10E300000BB1906D9847BDE80840FFF795BC00BF82
:10E3100000040240B06B002008B5084B1968890D55
:10E3200001F03D018A059A60054AD36D0BB1106E6C
:10E330009847BDE80840FFF77FBC00BF00040240DB
:10E34000B06B002008B5074B074A596801F03D0142
:10E35000D960536E0BB1906E9847BDE80840FFF747
:10E360006BBC00BF00040240B06B002008B5084B36
:10E370005968890901F03D018A01DA60054AD36EC6
:10E380000BB1106F9847BDE80840FFF755BC00BFC0
:10E3900000040240B06B002008B5084B5968090C16
:10E3A00001F03D010A04DA60054A536F0BB1906F2A
:10E3B0009847BDE80840FFF73FBC00BF000402409B
:10E3C000B06B002008B5084B5968890D01F03D017C
:10E3D0008A05DA60054AD36F13B1D2F880009847F6
:10E3E000BDE80840FFF728BC00040240B06B0020E5
:10E3F00000230C4910B51A460B4C0B6054F823004F
:10E40000026001EB430004334260402BF6D1074A1F
:10E410004FF0FF339360D360C2F80834C2F80C3475
:10E4200010BD00BFB06B0020E45C0108000002409A
:10E430000F28F8B510D9102810D0112811D01228A3
:10E4400008D10F240720DFF8B4E00126DEF80050E1
:10E45000A04208D9002649E00446F4E70F24002032
:10E46000F1E70724FBE706FA00F73D4240D1214CD3
:10E470004FEA001C3D4304EB00160EEBC000CEF843
:10E480000050C0E90123FBB24BB11B48836B43F042
:10E4900001038363036E43F001030366036E17F405
:10E4A0007F4F09D01448836B43F002038363036EEC
:10E4B00043F002030366036E54F80C00036823F074
:10E4C0001F030360056815F00105FBD104EB0C0385
:10E4D0003D2493F80CC05F6804FA0CF43C602124DE
:10E4E0000560446112B1987B00F022FB3046F8BD14
:10E4F0000130ADE7E45C010800450258B06B002034
:10E5000010B5302484F31188FFF792FF002383F3C2
:10E51000118810BD10B50446807B00F01FFB01235D
:10E520001049627B03FA02F20B6823EA0203DAB2B3
:10E530000B604AB90C4A916B21F001019163116E95
:10E5400021F001011166126E13F47F4F09D1064BC1
:10E550009A6B22F002029A631A6E22F002021A6685
:10E560001B6E10BDB06B00200045025808B530236B
:10E5700083F31188FFF7CEFF002383F3118808BDD2
:10E5800082880B4BC3F800230268C3F804230022DF
:10E59000C3F80823C3F80C23C3F81023C3F81423CB
:10E5A000C3F81823C3F81C231A615A61704700BFCF
:10E5B00000800240054B9A6B22F460329A631A6E17
:10E5C00022F460321A661B6E704700BF0045025885
:10E5D00010B5084CC4F80422C36A43EA014141F46F
:10E5E000806141F00501C4F80012D4F80032DB0765
:10E5F000FBD410BD00800240C36A43EA0141074BCF
:10E6000041F4816141F00501C3F80012D3F8002202
:10E61000D207FBD4D3F80402704700BF0080024049
:10E6200038B51E4BD3F8605115F0410FC3F8605157
:10E630002FD015F0010F1A4C13D0302383F311881B
:10E64000002104F1080001F047FAE369012104F117
:10E65000180043F00103E36100F05CFF002383F343
:10E6600011886B0611D5302383F3118800210D48E2
:10E6700001F032FAE36902210B4843F00203E3613F
:10E6800000F048FF002383F31188236A0BB104488C
:10E690009847BDE83840FFF7CFBA00BF009002406E
:10E6A000346C0020446C00204C6C00202DE9F341B8
:10E6B0004C4F3868002800F091804B4D00242868AA
:10E6C000002800F08B80494E304600F05FFA3B682E
:10E6D000474A4FF0414003F1400186F8284052F884
:10E6E000047B103343F8107C43F80C4C43F8084C7F
:10E6F00043F8040C9942F2D12B683E4A1C605C60DE
:10E700009C60DC601C615C619C61DC61642453681A
:10E71000394F43F00073DFF8D4805360536823F41B
:10E72000600343F400035360344BD3F8802042F479
:10E730000042C3F88020D3F8802022F40042C3F8BE
:10E740008020D3F880302E4B9A6B42F460329A636B
:10E750001A6E42F460321A661B6E00256B010221AC
:10E760004046F36245F48063C7F80032C7F80432CC
:10E77000FFF742FF07280AD005F58035B5F5001FE1
:10E78000ECD1013CE9D12046FFF714FF26E003213C
:10E790004046FFF731FF20F00F004CF2F003000479
:10E7A000000C9842E8D111484FF400420021044681
:10E7B000FFF70EFF00212046FFF71EFF10F4004177
:10E7C000F8D10A480191FFF717FF019940F4006260
:10E7D0000648FFF7FDFE0120FFF7ECFE02B0BDE8A2
:10E7E000F08100BFBC650020C8650020346C0020AB
:10E7F000AC6500200004005800800240004402582C
:10E8000000450258F8B5414E4FF04142404F0025B7
:10E81000336804460D21DA60DA61DA62DA633B6854
:10E820000563DD60DD613B4B45633D209A6B42F43F
:10E8300060329A631A6E42F460321A661B6E00F000
:10E8400077F929462046FFF7D7FE294620F40062D3
:10E850002046FFF7BDFE3049304A0B6843F0010304
:10E860000B600B6813F00103FBD14FF48061116062
:10E8700093601367C2F8903013656368186800B935
:10E880002748FFF77DFE254A4FF480513068136812
:10E8900043F003031360234BC2F81037A3F5F513BD
:10E8A000A3F5FD53C2F80C371B4B59600021C3F888
:10E8B00000114FF4F04119603968C3F814110121B7
:10E8C000C3F82C11C3F81C010320C3F830014FF426
:10E8D0000040C3F8600148F24100C3F83401C2F8B7
:10E8E000001DD2F8003DDB07FBD46023C2F8303DA9
:10E8F0000223C2F8003D4FF00112074BC3F8042178
:10E9000002F6E432C3F80821F8BD00BFBC65002060
:10E91000C865002000450258009002400080024077
:10E92000E45D010800C0200C90F82830F0B513B366
:10E93000124B426B1C68160104EB0215EB686F6802
:10E9400003F00043002F18BF43F001039BB90C4FA5
:10E9500057F822700132A7516C6801346C60012AAB
:10E9600094BF14461C4640F2F252446318460B60B2
:10E97000C1E90125F0BD4FF0FF30FBE7C86500207D
:10E98000C0650020302383F311880368002281686A
:10E99000C3F30D034A6043F000438B604FF03043F4
:10E9A000CB60BFF34F8F074BD96801F47041B1F5CD
:10E9B000C04F02D10421C3F86011C3F8202182F3B3
:10E9C0001188704700900240154B70B51A684FF0DF
:10E9D0004145046B02EB0412D368002B02DA4FF0BE
:10E9E000FF301AE0D3681B0418D4936813F4005363
:10E9F00014D1D668B60011D5D668F6000ED5D56804
:10EA000001340B60C5F30E05032CA5F10205C1E925
:10EA1000015294BF04630363184670BDD560DBE701
:10EA2000BC650020302383F311884FF04142836896
:10EA3000DA60BFF34F8F084BDA6802F47062B2F508
:10EA4000806F02D18022C3F860210022C3F8282100
:10EA500082F31188704700BF0090024070B51D4BD3
:10EA6000054601211C68FFF7C7FD01212846FFF775
:10EA7000C3FD002106462846FFF7BEFDC1041DD593
:10EA800006F03406242E03D0002085F8280070BD3F
:10EA900005212846FFF7B0FD10F4607F14BF44F451
:10EAA000804424F4804410F4A07F14BF44F4005444
:10EAB00024F40054074B01201C60E6E77207E3D5FD
:10EAC00083044CBF44F4804424F4804410F4807FD9
:10EAD000EBE700BF0080024038B50546D0E90003EF
:10EAE0001B1A934228BF13461C4643B1AB6822460B
:10EAF0001B681844F3F742FC2B6823442B60204624
:10EB000038BD000038B505460846D5E900135B1A44
:10EB1000934228BF13461C4643B1AB6822461B688C
:10EB20001944F3F72BFC2B6823442B60204638BD97
:10EB3000090100F16043012203F56143C9B283F882
:10EB4000001300F01F039A4043099B0003F1604348
:10EB500003F56143C3F880211A60704700F01F037A
:10EB600001229A40430900F160409B0000F561409A
:10EB700003F1604303F56143C3F88020C3F88021AB
:10EB8000002380F800337047FFF790BD0123037026
:10EB9000002343604362C0E9073300F10803C0E982
:10EBA000023300F11003C0E9043300F1180383615C
:10EBB0007047000010B53023044683F3118841608C
:10EBC000FFF720FE02230020237080F3118810BD80
:10EBD000F8B504460D461646302383F3118800F13C
:10EBE000080729462046FFF79FFE28B131463846E0
:10EBF00000F056FF431CF4D1002383F31188F8BDC5
:10EC0000F8B504460D461646302383F3118800F10B
:10EC1000100729462046FFF7D7FE28B1314638466F
:10EC200000F03EFF431CF4D1002383F31188F8BDAC
:10EC3000FFF714BF13B5406B00F58054D4F89C382F
:10EC40001A681178042914D1017A022911D119798D
:10EC5000012312898B4013420BD101A9443002F0E9
:10EC6000EBFBD4F89C480246019B2179206800F018
:10EC7000DFF902B010BD00000C3002F06DBB0000E7
:10EC80004FF0FF330C3002F067BB0000443002F05D
:10EC90003FBC00004FF0FF33443002F039BC0000AD
:10ECA0000C3002F03BBB00004FF0FF310C3002F0A3
:10ECB00035BB0000443002F00BBC00004FF0FF32C7
:10ECC000443002F005BC00000020704710B500F58C
:10ECD0008054D4F89C381A681178042917D1017A25
:10ECE000022914D15979012352898B4013420ED144
:10ECF0000C3002F0CDFA024648B1D4F89C484FF4EB
:10ED0000407361792068BDE8104000F07FB910BD04
:10ED1000406BFFF7DBBF0000704700007FB5034684
:10ED2000114A0125042643F8042B0446436000F1F0
:10ED30007C020E4B2946057202900C3001934FF471
:10ED40004073009602F080FA094B04F68C42294683
:10ED500004F144000294CDE900634FF4407302F0E3
:10ED600047FB04B070BD00BFEC5D010811ED000869
:10ED700035EC00080A68302383F311880B790B33D4
:10ED800042F823004B79133342F823008B7913B1F7
:10ED90000B3342F8230000F58053C3F89C1802237C
:10EDA0000372002080F311887047000038B5037D9E
:10EDB000044613B190F84C30ABB90125201D022157
:10EDC00000F0A8FB04F10C006FF00101257500F0C4
:10EDD00083FE04F1440084F84C506FF00101BDE85B
:10EDE000384000F079BE38BD10B50121044604302A
:10EDF00000F090FB0023237584F84C3010BD000018
:10EE000038B5044600250C3002F036FA04F144000F
:10EE1000257502F005FB201D84F84C50012100F0FF
:10EE200079FB2046BDE83840FFF750BF90F88030AE
:10EE300003F06003202B06D190F881200023212AC3
:10EE400003D81F2A06D800207047222AFBD1C0E928
:10EE50001D3303E0034A426707228267C36701202C
:10EE6000704700BF5223002037B500F58055D5F814
:10EE70009C381A68117804291AD1017A022917D10D
:10EE80001979012312898B40134211D100F14404F6
:10EE9000204602F085FB58B101A9204602F0CCFAC9
:10EEA000D5F89C480246019B2179206800F0C0F803
:10EEB00003B030BD01F10B03F0B550F8236085B00D
:10EEC00004460D46FEB1302383F3118804EB850719
:10EED000301D082100F01EFBFB6806F144005B6951
:10EEE0001B681BB1019002F0B5FA019803A902F06A
:10EEF000A3FA024648B1039B2946204600F098F841
:10EF0000002383F3118805B0F0BDFB685A691268CD
:10EF1000002AF5D01B8A013B1340F1D104F1800295
:10EF2000EAE70000133138B550F82140ECB1302346
:10EF300083F3118804F58053D3F89C281368527921
:10EF400003EB8203DB689B695D6845B104216018AF
:10EF500000F0E0FA294604F10C0002F0A3F9204683
:10EF6000FFF7B4FE002383F3118838BD704700001B
:10EF700001F076BC01234022002110B5044600F8C0
:10EF8000303BF3F72DFA0023C4E9013310BD000034
:10EF900010B53023044683F31188242241600021F8
:10EFA0000C30F3F71DFA204601F07CFC0223002010
:10EFB000237080F3118810BD70B500EB8103054606
:10EFC00050690E461446DA6018B110220021F3F79A
:10EFD00007FAA06918B110220021F3F701FA3146AF
:10EFE0002846BDE8704001F05DBD00008368202226
:10EFF000002103F0011310B5044683601030F3F7CD
:10F00000EFF92046BDE8104001F0D8BDF0B401256D
:10F0100000EB810447898D40E4683D43A469458144
:10F0200023600023A2606360F0BC01F0F5BD000026
:10F03000F0B4012500EB810407898D40E4683D436D
:10F040006469058123600023A2606360F0BC01F065
:10F050006BBE000070B50223002504462422037015
:10F060002946C0F888500C3040F8045CF3F7B8F932
:10F07000204684F8705001F0A9FC63681B6823B136
:10F0800029462046BDE87040184770BD0378052B1F
:10F0900010B504460AD080F88C300523037043680D
:10F0A0001B680BB1042198470023A36010BD00002A
:10F0B0000178052906D190F88C20436802701B68FE
:10F0C00003B118477047000070B590F870300446DF
:10F0D00013B1002380F8703004F18002204601F063
:10F0E00091FD63689B68B3B994F8803013F06005B4
:10F0F00035D00021204602F083F80021204602F09E
:10F1000073F863681B6813B10621204698470623ED
:10F1100084F8703070BD204698470028E4D0B4F8D9
:10F120008630A26F9A4288BFA36794F98030A56F9A
:10F13000002B4FF0300380F20381002D00F0F280AD
:10F14000092284F8702083F3118800212046D4E935
:10F150001D23FFF76DFF002383F31188DAE794F88E
:10F16000812003F07F0343EA022340F202329342FC
:10F1700000F0C58021D8B3F5807F48D00DD8012B91
:10F180003FD0022B00F09380002BB2D104F1880213
:10F1900062670222A267E367C1E7B3F5817F00F0EF
:10F1A0009B80B3F5407FA4D194F88230012BA0D18D
:10F1B000B4F8883043F0020332E0B3F5006F4DD06D
:10F1C00017D8B3F5A06F31D0A3F5C063012B90D849
:10F1D0006368204694F882205E6894F88310B4F83F
:10F1E0008430B047002884D0436863670368A3670E
:10F1F0001AE0B3F5106F36D040F6024293427FF426
:10F2000078AF5C4B63670223A3670023C3E794F8DE
:10F210008230012B7FF46DAFB4F8883023F0020305
:10F22000A4F88830C4E91D55E56778E7B4F8803064
:10F23000B3F5A06F0ED194F88230204684F88A305E
:10F2400001F022FC63681B6813B101212046984736
:10F25000032323700023C4E91D339CE704F18B03CF
:10F2600063670123C3E72378042B10D1302383F392
:10F2700011882046FFF7BAFE85F3118803216368E1
:10F2800084F88B5021701B680BB12046984794F886
:10F290008230002BDED084F88B3004232370636827
:10F2A0001B68002BD6D0022120469847D2E794F85D
:10F2B000843020461D0603F00F010AD501F094FCAE
:10F2C000012804D002287FF414AF2B4B9AE72B4B74
:10F2D00098E701F07BFCF3E794F88230002B7FF491
:10F2E00008AF94F8843013F00F01B3D01A0620460B
:10F2F00002D501F09DFFADE701F08EFFAAE794F87B
:10F300008230002B7FF4F5AE94F8843013F00F01B7
:10F31000A0D01B06204602D501F072FF9AE701F04B
:10F3200063FF97E7142284F8702083F311882B463B
:10F330002A4629462046FFF769FE85F31188E9E64B
:10F340005DB1152284F8702083F3118800212046D6
:10F35000D4E91D23FFF75AFEFDE60B2284F8702046
:10F3600083F311882B462A4629462046FFF760FE84
:10F37000E3E700BF1C5E0108145E0108185E010887
:10F3800038B590F870300446002B3ED0063BDAB218
:10F390000F2A34D80F2B32D8DFE803F03731310889
:10F3A000223231313131313131313737856FB0F877
:10F3B00086309D4214D2C3681B8AB5FBF3F203FB6F
:10F3C00012556DB9302383F311882B462A462946FE
:10F3D000FFF72EFE85F311880A2384F870300EE0C3
:10F3E000142384F87030302383F3118800232046DF
:10F3F0001A461946FFF70AFE002383F3118838BD29
:10F40000C36F03B198470023E7E70021204601F0CE
:10F41000F7FE0021204601F0E7FE63681B6813B188
:10F420000621204698470623D7E7000010B590F83C
:10F4300070300446142B29D017D8062B05D001D8DC
:10F440001BB110BD093B022BFBD80021204601F067
:10F45000D7FE0021204601F0C7FE63681B6813B188
:10F46000062120469847062319E0152BE9D10B23E6
:10F4700080F87030302383F3118800231A46194630
:10F48000FFF7D6FD002383F31188DAE7C3689B6991
:10F490005B68002BD5D1C36F03B19847002384F874
:10F4A0007030CEE730B5302484F31188064C0568FF
:10F4B000E4680D600160C1E901420022C1E9032353
:10F4C00082F3118830BD00BF706C0020302383F3BD
:10F4D0001188044BDB681A6B10431863002383F315
:10F4E00011887047706C0020036B194390F824302A
:10F4F0000A2B016303D1836A194205D170470B2B94
:10F5000006D1836A8B4303D10023836200F02AB9BA
:10F510007047000070B506460D460468B44200D13D
:10F5200070BDE3682B43E36015B123691D4203D02E
:10F53000D4E90101FFF7D8FF2468EFE738B50C4B99
:10F540000446DD68302383F311882B6B184006D105
:10F550000A20AC6200F008F92B6B04EA03002B6B65
:10F5600023EA00032B63002383F3118838BD00BF17
:10F57000706C00200023C0E90000836003617047C5
:10F5800070B51C4B05468468DE685CB3B44213D189
:10F5900003690133036170BDA36094F8243083B123
:10F5A000062B15D1A06A2146D4E9003213605A60B7
:10F5B00000F0C8F8A36A9C68B368A2689A42EBD3CB
:10F5C00006E0D4E90032204613605A6000F0CAF821
:10F5D0002846314600F0B6F8B5620620BDE8704016
:10F5E00000F0C2B80369866001330361736BC360C6
:10F5F0007063D0E7706C002008B5302383F3118866
:10F60000FFF7BEFF002383F3118808BD0A4B826811
:10F61000DB6832B19A420CD10369013303610120E6
:10F62000704702698360013202615A6BC26058639D
:10F63000F5E70020704700BF706C002008B530234C
:10F6400083F31188FFF7E2FF002383F3118808BDDD
:10F65000194BD96883688B4210B520D1302383F3CE
:10F6600011880269013A0261B2B90468C368A04214
:10F670004B631ED08A6B9BB901238A6003610368C8
:10F680001A68026050605A6B8360C2605863184603
:10F6900000F068F800F0D4F8002383F3118810BD5F
:10F6A0001C68A34203D0A468A24238BF2246DB688C
:10F6B000E1E78260F0E700BF706C00200023826801
:10F6C00080F8243083691B6899689142FBD25A689C
:10F6D0000360426010605860704700000023826839
:10F6E00080F8243083691B6899689142FBD85A6876
:10F6F00003604260106058607047000008B508461B
:10F70000302383F3118891F824200023052A06D89A
:10F71000DFE802F00B050503120E826A13604FF05A
:10F72000FF338362FFF7CAFF002383F3118808BD0C
:10F73000826A936801339360D0E9003213605A60A3
:10F74000EDE70000034610B51B68984203D09C68A3
:10F750008A689442F8D25A680B604A601160596016
:10F7600010BD0000FFF7AABF064BD96881F824003E
:10F770001868026853601A600122D86080F824205B
:10F78000F0F748BE706C00200C4B30B5DD684B1CA8
:10F7900087B004460FD02B46094A684600F030FA7D
:10F7A0002046FFF7E1FF009B13B1684600F032FAF4
:10F7B000A86A07B030BDFFF7D7FFF9E7706C0020EB
:10F7C000FDF6000838B50C4D04468162EB6881688F
:10F7D0009A68914203D8BDE83840FFF76FBF1846DA
:10F7E000FFF77CFF01230146EC60204684F82430BB
:10F7F000BDE83840F0F70EBE706C0020044B1A686C
:10F80000DB6890689B68984294BF00200120704795
:10F81000706C0020094B10B51C68D86822685360D2
:10F820001A600122DC6084F82420FFF757FF0146AC
:10F830002046BDE81040F0F7EDBD00BF706C002021
:10F84000044B1A68DB6892689B689A4201D9FFF7FB
:10F85000E1BF7047706C0020C0E900008160704714
:10F860008368013B002B10B583600CDA074BDC6822
:10F870004368A062206063601C6044600520FFF75D
:10F8800073FFA06A10BD0020FCE700BF706C002071
:10F8900008B5302383F31188FFF7E2FF002383F3D9
:10F8A000118808BD826810B4541E002C846013DADD
:10F8B00029B982604FF0FF305DF8044B7047074B69
:10F8C0004268DB685DF8044B986218605A60136008
:10F8D00043600520FFF758BF0020EDE7706C002063
:10F8E00008B5302383F31188FFF7DCFF002383F38F
:10F8F000118808BD83680133002B836008DC03682E
:10F900001A6802605060002218469A62FFF72ABF08
:10F910007047000038B50123084C0025237065604E
:10F9200001F07AFE01F0A0FE0549064801F09CFFB7
:10F930000223237085F3118838BD00BF286F002093
:10F94000245E0108706C002008B572B6044BD867BD
:10F9500000F0AAFD00F074FE024B03221A70FEE7CD
:10F96000706C0020286F002000F08AB9034A5168AB
:10F9700053685B1A9842FBD8704700BF001000E044
:10F980008B608B630023CA6100F1280288610A61E1
:10F99000C1E90C3302238B84012381F8263001F165
:10F9A0001003C26A4A611360C36201F12C03084666
:10F9B000CB627047D0E90131026841F8203CA1F1E7
:10F9C000A4034039CB60036941F8243C436941F802
:10F9D000203C034B41F8043CC3680248FFF7D0BF0A
:10F9E0002D040008706C002008B5FFF7E3FFBDE8A8
:10F9F0000840FFF7B7BE0000302383F3118890F86A
:10FA00002630013B80F82630436A03F0FF130F2BAA
:10FA10000FD1D0E9043213605A60002383F31188B8
:10FA200090F8253003F00303012B05D1006A01F0A3
:10FA3000AFBE002383F311887047000038B50E4B2A
:10FA4000DC6804F12C05A062E06AA8420FD194F8AA
:10FA500026303BB994F825309B0702BFD4E9043225
:10FA600013605A600F20BDE83840FFF77DBE036881
:10FA7000E362FFF777FEE7E7706C0020302383F343
:10FA80001188FFF7DBBF000008B50146302383F380
:10FA900011880820FFF778FE002383F3118808BD42
:10FAA000064BDB6839B1426818605A6013604360E6
:10FAB0000420FFF769BE4FF0FF307047706C0020E4
:10FAC0000368984206D01A6802605060184699622E
:10FAD000FFF748BE7047000038B504460D46206861
:10FAE000844200D138BD036823605C608562FFF703
:10FAF00039FEF4E7036810B59C68A2420CD85C6834
:10FB00008A600B604C602160596099688A1A9A601B
:10FB10004FF0FF33836010BD121B1B68ECE7000041
:10FB20000A2938BF0A2170B504460D460A26601915
:10FB300001F06CFD01F054FD041BA54203D8751CB7
:10FB400004462E46F3E70A2E04D90120BDE8704092
:10FB500001F0D0BE70BD0000F8B5144B0D460A2A66
:10FB60004FF00A07D96103F11001826038BF0A2201
:10FB7000416019691446016048601861A81801F0D5
:10FB800035FD01F02DFD431B0646A34206D37C1C28
:10FB900028192746354601F039FDF2E70A2F04D926
:10FBA0000120BDE8F84001F0A5BEF8BD706C002052
:10FBB000F8B506460D4601F013FD0F4A134653F8FB
:10FBC000107F9F4206D12A4601463046BDE8F840E4
:10FBD000FFF7C2BFD169BB68441A2C1928BF2C4655
:10FBE000A34202D92946FFF79BFF2246314603482C
:10FBF000BDE8F840FFF77EBF706C0020806C0020ED
:10FC0000C0E90323002310B45DF8044B4361FFF700
:10FC1000CFBF000010B5194C236998420DD0816800
:10FC2000D0E9003213605A609A680A449A6000234F
:10FC300003604FF0FF33A36110BD0268234643F811
:10FC4000102F53600022026022699A4203D1BDE85E
:10FC5000104001F0D5BC936881680B44936001F0BB
:10FC6000BFFC2269E1699268441AA242E4D91144B6
:10FC7000BDE81040091AFFF753BF00BF706C0020A9
:10FC80002DE9F047DFF8BC8008F110072C4ED8F8BA
:10FC9000105001F0A5FCD8F81C40AA68031B9A423A
:10FCA0003ED814444FF00009D5E90032C8F81C4092
:10FCB00013605A60C5F80090D8F81030B34201D1F3
:10FCC00001F09EFC89F31188D5E903312846984755
:10FCD000302383F311886B69002BD8D001F080FCAE
:10FCE0006A69A0EB040982464A450DD2022001F060
:10FCF00001FE0022D8F81030B34208D15146284600
:10FD0000BDE8F047FFF728BF121A2244F2E712EBD2
:10FD100009092946384638BF4A46FFF7EBFEB5E7E2
:10FD2000D8F81030B34208D01444C8F81C00211A87
:10FD3000A960BDE8F047FFF7F3BEBDE8F08700BF5C
:10FD4000806C0020706C002038B501F049FC054A39
:10FD5000D2E90845031B181945F10001C2E9080161
:10FD600038BD00BF706C00204FF0FF3070470000BE
:10FD7000002070474FF0FF307047000000207047B0
:10FD80004FF0FF307047000001207047002070479F
:10FD9000FEE70000704700004FF0FF3070470000A2
:10FDA00002290CD0032904D00129074818BF0020DC
:10FDB0007047032A05D8054800EBC2007047044885
:10FDC00070470020704700BF045F010860230020D7
:10FDD000B85E010870B59AB005460846144601A9F8
:10FDE00000F0C2F801A8F2F7F3FA431C0022C6B2F1
:10FDF0005B001046C5E9003423700323023404F885
:10FE0000013C01ABD1B202348E4201D81AB070BDB0
:10FE100013F8011B013204F8010C04F8021CF1E78D
:10FE200008B5302383F311880348FFF71DF800233A
:10FE300083F3118808BD00BF306F002090F8803038
:10FE400003F01F02012A07D190F881200B2A03D169
:10FE50000023C0E91D3315E003F06003202B08D117
:10FE6000B0F884302BB990F88120212A03D81F2ABA
:10FE700004D8FEF7DBBF222AEBD0FAE7034A426739
:10FE800007228267C3670120704700BF5923002003
:10FE900007B5052917D8DFE801F01916031919204D
:10FEA000302383F31188104A01210190FFF784F871
:10FEB000019802210D4AFFF77FF80D48FEF7A0FFD9
:10FEC000002383F3118803B05DF804FB302383F330
:10FED00011880748FEF76AFFF2E7302383F31188A1
:10FEE0000348FEF781FFEBE7585E01087C5E0108DE
:10FEF000306F002038B50C4D0C4C2A460C4904F1EB
:10FF00000800FFF767FF05F1CA0204F11000094974
:10FF1000FFF760FF05F5CA7204F118000649BDE855
:10FF20003840FFF757BF00BF008800206023002043
:10FF3000385E0108425E01084D5E010870B5044656
:10FF400008460D46F2F744FAC6B22046013403785B
:10FF50000BB9184670BD32462946F2F719FA002847
:10FF6000F3D10120F6E700002DE9F84F05460C46D5
:10FF7000F2F72EFA2C49C6B22846FFF7DFFF08B188
:10FF80000336F6B229492846FFF7D8FF08B11036E4
:10FF9000F6B2632E0DD8DFF89080DFF89090244FF2
:10FFA000DFF894A0DFF894B02E7846B92670BDE84B
:10FFB000F88F29462046BDE8F84F02F00FB9252EEC
:10FFC0002ED1072241462846F2F7E2F970B9DBF854
:10FFD000003007350A3444F80A3CDBF8043044F8B2
:10FFE000063CBBF8083024F8023CDDE7082249460D
:10FFF0002846F2F7CDF998B9A21C0E4B19780232B7
:020000040801F1
:100000000909C95D02F8041C13F8011B01F00F0176
:100010005345C95D02F8031CF0D118340835C3E715
:10002000013504F8016BBFE7245F01084D5E01084C
:100030002C5F010800E8F11F0CE8F11F23340108D0
:10004000BFF34F8F044B1A695107FCD1D3F810212D
:100050005207F8D1704700BF0020005208B50D4B81
:100060001B78ABB9FFF7ECFF0B4BDA68D10704D56F
:100070000A4A5A6002F188325A60D3F80C21D2073A
:1000800006D5064AC3F8042102F18832C3F80421D8
:1000900008BD00BF5E8A0020002000522301674592
:1000A00008B5114B1B78F3B9104B1A69510703D5EA
:1000B000DA6842F04002DA60D3F81021520705D521
:1000C000D3F80C2142F04002C3F80C21FFF7B8FF2F
:1000D000064BDA6842F00102DA60D3F80C2142F0F4
:1000E0000102C3F80C2108BD5E8A002000200052E6
:1000F0000F289ABF00F58060400400207047000080
:100100004FF4003070470000102070470F2808B5EA
:100110000BD8FFF7EDFF00F500330268013204D180
:1001200004308342F9D1012008BD0020FCE7000023
:100130000F2838B505463FD8FFF782FF1F4CFFF761
:100140008DFF4FF0FF3307286361C4F814311DD8C9
:100150002361FFF775FF030243F02403E360E368C4
:1001600043F08003E36023695A07FCD42846FFF775
:1001700067FFFFF7BDFF4FF4003100F03DFA28465E
:10018000FFF78EFFBDE83840FFF7C0BFC4F810315D
:10019000FFF756FFA0F108031B0243F02403C4F845
:1001A0000C31D4F80C3143F08003C4F80C31D4F88E
:1001B00010315B07FBD4D9E7002038BD0020005286
:1001C0002DE9F84F05460C46104645EA0203DE06C7
:1001D00002D00020BDE8F88F20F01F00DFF8BCB08F
:1001E000DFF8BCA0FFF73AFF04EB0008444503D159
:1001F0000120FFF755FFEDE720222946204601F0B8
:100200002BFF10B920352034F0E72B4605F12002F2
:100210001F68791CDDD104339A42F9D105F1784386
:100220001B481C4EB3F5801F1B4B38BF184603F10B
:10023000F80332BFD946D1461E46FFF701FF0760DB
:10024000A5EB040C336804F11C0143F00203336096
:10025000231FD9F8007017F00507FAD153F8042FBF
:100260008B424CF80320F4D1BFF34F8FFFF7E8FE29
:100270004FF0FF332022214603602846336823F0E5
:100280000203336001F0E8FE0028BBD03846B0E737
:10029000142100520C200052142000521020005251
:1002A0001021005210B5084C237828B11BB9FFF774
:1002B000D5FE0123237010BD002BFCD02070BDE8BB
:1002C0001040FFF7EDBE00BF5E8A00202DE9F04F21
:1002D0000D4685B0814658B111F00D0614BF20229D
:1002E000082211F00803019304D0431E034269D091
:1002F000002435E0002E37D009F11F0121F01F093D
:100300004FF00108314F05F00403DFF8CCA005EAF7
:10031000080BBBF1000F32D07869C0072FD408F169
:1003200001080C37B8F1060FF3D19EB9284D4946A4
:10033000A819019201F0BAF90446002839D12036F3
:10034000019AA02EF3D1494601F0B0F904460028E5
:100350002FD1019A49461F4801F0A8F9044660BB15
:10036000204605B0BDE8F08F0029C9D101462846D6
:10037000029201F09BF90446D8B9029AC0E713B182
:1003800078694107CBD5AC0702D578698007C6D517
:10039000019911B178690107C1D549460AEB4810A6
:1003A000CDE9022301F082F90446DDE902230028A9
:1003B000B5D04A460021204601E04A460021F2F726
:1003C0000FF8CDE70246002E96D199E7405F01086D
:1003D000A08A0020608A0020808A00200021FFF788
:1003E00075BF00000121FFF771BF000070B5144D0B
:1003F0000124144E40F2FF3200210120F1F7F0FFFA
:1004000006EB441001342A6955F80C1F01F03AF943
:10041000062CF5D137254FF4C0542046FFF7E2FFF4
:10042000014628B122460848BDE8704001F02AB9CB
:10043000C4EBC404013D4FEAD404EED170BD00BF4B
:10044000405F0108808A0020608A00200821FFF7B1
:100450003DBF000008B101F09BB970472DE9F3479B
:10046000DDF8289005460E4617469846CDE9003936
:1004700013460A460146002001F0CEF978B9044639
:10048000DFF820A03B46324629460AEB0400CDE9BE
:10049000008901F0C1F910B92034A02CF2D102B0CA
:1004A000BDE8F087A08A002038B5054D002403344C
:1004B000696855F80C0B00F0B1F8122CF7D138BD73
:1004C000405F01080846FFF789BF00000846FFF7B4
:1004D000C1BF000038B5EFF311859DB9EFF3058476
:1004E000C4F30804302334B183F31188FFF72CFCE4
:1004F00085F3118838BD83F31188FFF725FC84F359
:10050000118838BDBDE83840FFF71EBC10B5FFF7B5
:10051000E1FF104CC008104A002340EA4170C908AE
:10052000A0FB04ECA0FB020E1CEB0000A1FB044CA2
:10053000A1FB02125B41001943EB0C0011EB0E0111
:1005400042F10002411842F10000090941EA00703D
:1005500010BD00BFCFF753E3A59BC4200244074B57
:10056000D2B210B5904200D110BD441C00B253F875
:10057000200041F8040BE0B2F4E700BF50400058FF
:100580000E4B30B51C6F240405D41C6F1C671C6F08
:1005900044F400441C670A4C02442368D2B243F47A
:1005A00080732360074B904200D130BD441C51F84A
:1005B000045B00B243F82050E0B2F4E70044025874
:1005C000004802585040005807B5012201A90020F8
:1005D000FFF7C4FF019803B05DF804FB13B50446B0
:1005E000FFF7F2FFA04205D0012201A900200194EB
:1005F000FFF7C6FF02B010BD0144BFF34F8F064B9B
:10060000884204D3BFF34F8FBFF36F8F7047C3F897
:100610005C022030F4E700BF00ED00E00144BFF3CE
:100620004F8F064B884204D3BFF34F8FBFF36F8FBA
:100630007047C3F870022030F4E700BF00ED00E01F
:1006400070470000074B45F255521A6002225A606B
:1006500040F6FF729A604CF6CC421A600122024BBF
:100660001A70704700480058448B0020034B1B78D9
:100670001BB1034B4AF6AA221A607047448B002034
:1006800000480058034B1A681AB9034AD2F8D0241C
:100690001A607047408B002000400258024B4FF414
:1006A0008032C3F8D02470470040025808B5FFF7E5
:1006B000E9FF024B1868C0F3806008BD408B002042
:1006C00070B5BFF34F8FBFF36F8F1A4A0021C2F886
:1006D0005012BFF34F8FBFF36F8F536943F4003352
:1006E0005361BFF34F8FBFF36F8FC2F88410BFF316
:1006F0004F8FD2F8803043F6E074C3F3C900C3F3E0
:100700004E335B0103EA0406014646EA817501396E
:10071000C2F86052F9D2203B13F1200FF2D1BFF39F
:100720004F8F536943F480335361BFF34F8FBFF34F
:100730006F8F70BD00ED00E0FEE70000214B224806
:10074000224A70B5904237D3214BC11EDA1C121ACF
:1007500022F003028B4238BF00220021F1F740FE55
:100760001C4A0023C2F88430BFF34F8FD2F8803088
:1007700043F6E074C3F3C900C3F34E335B0103EAED
:100780000406014646EA81750139C2F86C52F9D275
:10079000203B13F1200FF2D1BFF34F8FBFF36F8FC8
:1007A000BFF34F8FBFF36F8F0023C2F85032BFF3F8
:1007B0004F8FBFF36F8F70BD53F8041B40F8041BBD
:1007C000C0E700BF746401084C8D00204C8D0020F0
:1007D0004C8D002000ED00E0054B996B21EA0001F3
:1007E00099631A6E22EA00021A661B6E704700BFF8
:1007F0000045025870B5D0E9244300224FF0FF3580
:100800009E6804EB42135101D3F80009002805DA71
:10081000D3F8000940F08040C3F80009D3F8000B7A
:10082000002805DAD3F8000B40F08040C3F8000B35
:10083000013263189642C3F80859C3F8085BE0D246
:100840004FF00113C4F81C3870BD0000890141F05D
:100850002001016103699B06FCD41220FFF786B8D2
:1008600010B50A4C2046FEF785FB094BC4F89030C2
:10087000084BC4F89430084C2046FEF77BFB074B2E
:10088000C4F89030064BC4F8943010BD488B00205B
:1008900000000840AC5F0108E48B00200000044029
:1008A000B85F010870B503780546012B58D13F4B5E
:1008B000D0F89040984254D13D4B0E2165209A6B60
:1008C00042F000629A631A6E42F000621A661B6E72
:1008D000384BD3F8802042F00062C3F88020D3F870
:1008E000802022F00062C3F88020D3F88030FEF729
:1008F0001FF9314BE360314BC4F800380023D5F8C1
:100900009060C4F8003EC02323604FF40413A36337
:100910003369002BFCDA01230C203361FFF726F842
:100920003369DB07FCD41220FFF720F83369002B72
:10093000FCDA00262846A660FFF75CFF6B68C4F867
:100940001068DB68C4F81468C4F81C6863BB1C4BEF
:10095000A3614FF0FF336361A36843F00103A36019
:1009600070BD184B9842C9D1114B4FF080609A6B03
:1009700042F000729A631A6E42F000721A661B6EA1
:100980000C4BD3F8802042F00072C3F88020D3F8DB
:10099000802022F00072C3F88020D3F88030FFF767
:1009A0001BFF0E214D20A2E7074BD1E7488B00200B
:1009B0000045025800440258401400400300200241
:1009C000003C30C0E48B0020083C30C0F8B5D0F8C3
:1009D0009040054600214FF000662046FFF736FFA5
:1009E000D5F8941000234FF001128F684FF0FF30BC
:1009F000C4F83438C4F81C2804EB431201339F4276
:100A0000C2F80069C2F8006BC2F80809C2F8080B06
:100A1000F2D20B68D5F89020C5F8983063621023A5
:100A20001361166916F01006FBD11220FEF79EFF27
:100A3000D4F8003823F4FE63C4F80038A36943F403
:100A4000402343F01003A3610923C4F81038C4F80D
:100A500014380B4BEB604FF0C043C4F8103B094B0C
:100A6000C4F8003BC4F81069C4F80039D5F89830D0
:100A700003F1100243F48013C5F89820A362F8BD77
:100A8000885F010840800010D0F8902090F88A100C
:100A9000D2F8003823F4FE6343EA0113C2F80038A9
:100AA000704700002DE9F84300EB8103D0F8905027
:100AB0000C468046DA680FFA81F94801166806F09C
:100AC0000306731E022B05EB41134FF0000194BF88
:100AD000B604384EC3F8101B4FF0010104F11003A7
:100AE00098BF06F1805601FA03F3916998BF06F5A5
:100AF000004600293AD0578A04F15801374349018A
:100B00006F50D5F81C180B430021C5F81C382B1862
:100B10000127C3F81019A7405369611E9BB3138ABC
:100B2000928B9B08012A88BF5343D8F898209818C5
:100B300042EA034301F140022146C8F898002846E2
:100B400005EB82025360FFF781FE08EB8900C36862
:100B50001B8A43EA845348341E4364012E51D5F85E
:100B60001C381F43C5F81C78BDE8F88305EB49170E
:100B7000D7F8001B21F40041C7F8001BD5F81C185A
:100B800021EA0303C0E704F13F030B4A284621464C
:100B900005EB83035A60FFF759FE05EB4910D0F8C7
:100BA000003923F40043C0F80039D5F81C3823EA93
:100BB0000707D7E70080001000040002D0F8942057
:100BC0001268C0F89820FFF715BE00005831D0F821
:100BD000903049015B5813F4004004D013F4001F17
:100BE0000CBF0220012070474831D0F890304901F5
:100BF0005B5813F4004004D013F4001F0CBF022014
:100C00000120704700EB8101CB68196A0B68136003
:100C10004B6853607047000000EB810330B5DD681E
:100C2000AA691368D36019B9402B84BF40231360AD
:100C30006B8A1468D0F890201C4402EB4110013CF0
:100C400009B2B4FBF3F46343033323F0030343EA31
:100C5000C44343F0C043C0F8103B2B6803F00303C8
:100C6000012B0ED1D2F8083802EB411013F4807F2B
:100C7000D0F8003B14BF43F0805343F00053C0F85A
:100C8000003B02EB4112D2F8003B43F00443C2F8B0
:100C9000003B30BD2DE9F041D0F8906005460C4690
:100CA00006EB4113D3F8087B3A07C3F8087B08D555
:100CB000D6F814381B0704D500EB8103DB685B68AA
:100CC0009847FA071FD5D6F81438DB071BD505EB74
:100CD0008403D968CCB98B69488A5A68B2FBF0F6AC
:100CE00000FB16228AB91868DA6890420DD2121AEF
:100CF000C3E90024302383F3118821462846FFF7F7
:100D00008BFF84F31188BDE8F081012303FA04F21C
:100D10006B8923EA02036B81CB68002BF3D0214659
:100D20002846BDE8F041184700EB81034A0170B541
:100D3000DD68D0F890306C692668E66056BB1A44CE
:100D40004FF40020C2F810092A6802F00302012AB9
:100D50000AB20ED1D3F8080803EB421410F4807FD6
:100D6000D4F8000914BF40F0805040F00050C4F89F
:100D7000000903EB4212D2F8000940F00440C2F827
:100D800000090122D3F8340802FA01F10143C3F843
:100D9000341870BD19B9402E84BF402020602068EF
:100DA0001A442E8A8419013CB4FBF6F440EAC4408C
:100DB00040F00050C6E700002DE9F843D0F89060FD
:100DC00005460C464F0106EB4113D3F8088918F08D
:100DD000010FC3F808891CD0D6F81038DB0718D5E6
:100DE00000EB8103D3F80CC0DCF81430D3F800E03A
:100DF000DA68964530D2A2EB0E024FF000091A6075
:100E0000C3F80490302383F31188FFF78DFF89F333
:100E1000118818F0800F1DD0D6F834380126A6406E
:100E2000334217D005EB84030134D5F89050D3F842
:100E30000CC0E4B22F44DCF8142005EB0434D2F8E3
:100E400000E05168714514D3D5F8343823EA06061A
:100E5000C5F83468BDE8F883012303FA01F2038979
:100E600023EA02030381DCF80830002BD1D0984735
:100E7000CFE7AEEB0103BCF81000834228BF034666
:100E8000D7F8180980B2B3EB800FE3D89068A0F1CF
:100E9000040959F8048FC4F80080A0EB09089844AD
:100EA000B8F1040FF5D818440B4490605360C8E7BC
:100EB0002DE9F84FD0F8905004466E69AB691E409A
:100EC00016F480586E6103D0BDE8F84FFEF7C2B843
:100ED000002E12DAD5F8003E9B0705D0D5F8003E6B
:100EE00023F00303C5F8003ED5F80438204623F06C
:100EF0000103C5F80438FEF7DBF8370505D52046B1
:100F0000FFF778FC2046FEF7C1F8B0040CD5D5F801
:100F1000083813F0060FEB6823F470530CBF43F44A
:100F2000105343F4A053EB6031071BD56368DB68B3
:100F30001BB9AB6923F00803AB612378052B0CD1F7
:100F4000D5F8003E9A0705D0D5F8003E23F00303FC
:100F5000C5F8003E2046FEF7ABF86368DB680BB1CE
:100F600020469847F30200F1BA80B70226D5D4F89C
:100F7000909000274FF0010A09EB4712D2F8003B8E
:100F800003F44023B3F5802F11D1D2F8003B002B9E
:100F90000DDA62890AFA07F322EA0303638104EB9C
:100FA0008703DB68DB6813B1394620469847013771
:100FB000D4F89430FFB29B689F42DDD9F00619D572
:100FC000D4F89000026AC2F30A1702F00F0302F489
:100FD000F012B2F5802F00F0CA80B2F5402F09D18F
:100FE00004EB8303002200F58050DB681B6A974204
:100FF00040F0B0803003D5F8185835D5E90303D553
:1010000000212046FFF746FEAA0303D50121204612
:10101000FFF740FE6B0303D502212046FFF73AFE9F
:101020002F0303D503212046FFF734FEE80203D542
:1010300004212046FFF72EFEA90203D505212046F4
:10104000FFF728FE6A0203D506212046FFF722FE9D
:101050002B0203D507212046FFF71CFEEF0103D525
:1010600008212046FFF716FE700340F1A780E9072C
:1010700003D500212046FFF79FFEAA0703D50121D3
:101080002046FFF799FE6B0703D502212046FFF7A4
:1010900093FE2F0703D503212046FFF78DFEEE06B2
:1010A00003D504212046FFF787FEA80603D50521B6
:1010B0002046FFF781FE690603D506212046FFF78B
:1010C0007BFE2A0603D507212046FFF775FEEB05B8
:1010D00074D520460821BDE8F84FFFF76DBED4F85F
:1010E00090904FF0000B4FF0010AD4F894305FFA63
:1010F0008BF79B689F423FF638AF09EB4713D3F855
:10110000002902F44022B2F5802F20D1D3F8002923
:10111000002A1CDAD3F8002942F09042C3F80029D3
:10112000D3F80029002AFBDB3946D4F89000FFF7FA
:101130008DFB22890AFA07F322EA0303238104EBD9
:101140008703DB689B6813B13946204698470BF14B
:10115000010BCAE7910701D1D0F80080072A02F1FC
:1011600001029CBF03F8018B4FEA18283FE704EB0C
:10117000830300F58050DA68D2F818C0DCF8082044
:10118000DCE9001CA1EB0C0C00218F4208D1DB68CC
:101190009B699A683A449A605A683A445A6029E7C7
:1011A00011F0030F01D1D0F800808C4501F101014D
:1011B00084BF02F8018B4FEA1828E6E7BDE8F88FF4
:1011C00008B50348FFF774FEBDE80840FCF734BDDE
:1011D000488B002008B50348FFF76AFEBDE80840C9
:1011E000FCF72ABDE48B0020D0F8903003EB4111CE
:1011F000D1F8003B43F40013C1F8003B70470000F6
:10120000D0F8903003EB4111D1F8003943F40013CA
:10121000C1F8003970470000D0F8903003EB41115D
:10122000D1F8003B23F40013C1F8003B70470000E5
:10123000D0F8903003EB4111D1F8003923F40013BA
:10124000C1F800397047000030B50433039C0172C7
:10125000002104FB0325C160C0E90653049B03631E
:10126000059BC0E90000C0E90422C0E90842C0E9CA
:101270000A11436330BD00000022416AC260C0E928
:101280000411C0E90A226FF00101FEF725BC00003D
:10129000D0E90432934201D1C2680AB9181D7047DF
:1012A00000207047036919600021C2680132C260E2
:1012B000C269134482699342036124BF436A036194
:1012C000FEF7FEBB38B504460D46E3683BB16269E4
:1012D0000020131D1268A3621344E36207E0237A1F
:1012E00033B929462046FEF7DBFB0028EDDA38BD8E
:1012F0006FF00100FBE70000C368C269013BC360F7
:101300004369134482699342436124BF436A436142
:1013100000238362036B03B11847704770B5302315
:10132000044683F31188866A3EB9FFF7CBFF054672
:1013300018B186F31188284670BDA36AE26A13F8D3
:10134000015B9342A36202D32046FFF7D5FF00233F
:1013500083F31188EFE700002DE9F84F04460E46AD
:10136000174698464FF0300989F311880025AA46A0
:10137000D4F828B0BBF1000F09D141462046FFF751
:10138000A1FF20B18BF311882846BDE8F88FD4E97E
:101390000A12A7EB050B521A934528BF9346BBF1DF
:1013A000400F1BD9334601F1400251F8040B914222
:1013B00043F8040BF9D1A36A403640354033A362A9
:1013C000D4E90A239A4202D32046FFF795FF8AF315
:1013D0001188BD42D8D289F31188C9E730465A46F0
:1013E000F0F7CCFFA36A5E445D445B44A362E7E789
:1013F00010B5029C0433017203FB0421C460C0E9F0
:1014000006130023C0E90A33039B0363049BC0E96E
:101410000000C0E90422C0E90842436310BD000097
:10142000026A6FF00101C260426AC0E90422002230
:10143000C0E90A22FEF750BBD0E904239A4201D149
:10144000C26822B9184650F8043B0B60704700236D
:101450001846FAE7C3680021C2690133C3604369D3
:10146000134482699342436124BF436A4361FEF798
:1014700027BB000038B504460D46E3683BB123693D
:1014800000201A1DA262E2691344E36207E0237A96
:1014900033B929462046FEF703FB0028EDDA38BDB4
:1014A0006FF00100FBE7000003691960C268013AB0
:1014B000C260C269134482699342036124BF436AD4
:1014C000036100238362036B03B118477047000078
:1014D00070B530230D460446114683F31188866AA1
:1014E0002EB9FFF7C7FF10B186F3118870BDA36A4C
:1014F0001D70A36AE26A01339342A36204D3E169D7
:1015000020460439FFF7D0FF002080F31188EDE773
:101510002DE9F84F04460D46904699464FF0300AA3
:101520008AF311880026B346A76A4FB94946204678
:10153000FFF7A0FF20B187F311883046BDE8F88F90
:10154000D4E90A073A1AA8EB0607974228BF1746BC
:10155000402F1BD905F1400355F8042B9D4240F85C
:10156000042BF9D1A36A40364033A362D4E90A239D
:101570009A4204D3E16920460439FFF795FF8BF3C3
:1015800011884645D9D28AF31188CDE729463A46D3
:10159000F0F7F4FEA36A3D443E443B44A362E5E712
:1015A000D0E904239A4217D1C3689BB1836A8BB1F7
:1015B000043B9B1A0ED01360C368013BC360C36930
:1015C0001A4483699A42026124BF436A036100237B
:1015D00083620123184670470023FBE700F04ABAF4
:1015E000014B586A704700BF000C0040034B0022BB
:1015F00058631A610222DA60704700BF000C004095
:10160000014B0022DA607047000C0040014B586328
:10161000704700BF000C0040024B034A1A60034AA7
:101620005A607047988C0020508D002000000220E6
:10163000074B494210B55C68201A08401968821AA5
:101640008A4203D3A24201D85A6010BD0020FCE7B1
:10165000988C002008B5302383F31188FFF7E8FF4A
:10166000002383F3118808BD0448054B0360002361
:10167000C0E901330C30FDF77DBF00BFA08C002016
:1016800055160108CB1D083A23F00703591A521AC0
:1016900010B4D2080024C0E9004384600C301C6000
:1016A0005A605DF8044BFDF765BF00002DE9F74F68
:1016B000364FCD1D8846002818BF0746082A4FEA36
:1016C000D50538BF082207F10C003C1D914601905A
:1016D000FDF792FF019809F10701C9F1000E2246BA
:1016E000246864B9FDF7B4FF3B68CBB308224946D0
:1016F000E8009847044698B340E9027830E004EBEC
:10170000010CD4F804A00CEA0E0C0AF10106ACF1AD
:10171000080304EBC6069E42E1D9A6EB0C0CB5EB20
:10172000EC0F4FEAEC0BDAD89C421DD204F1080210
:10173000AB45A3EB02024FEAE202626009D9691CE1
:10174000ED4303EBC1025D445560256843F8315019
:1017500022601C46C3F8048044F8087BFDF778FF3C
:10176000204603B0BDE8F08FAA45216802D1116080
:101770002346EEE7013504EBC50344F8351003F1C9
:101780000801761AF6105E601360F1E7A08C002065
:1017900073B50446A0F1080550F8080C54F8043C51
:1017A000061D0C3007330190DB0844F8043CFDF7BC
:1017B00023FF334601989E421A6801D0AB4228D2DB
:1017C0000AB1954225D244F8082C54F8042C1D6027
:1017D000013254F8081C05EBC206B14206D14E682E
:1017E000324444F8042C0A6844F8082C5E68711CE2
:1017F00003EBC1018D4207D154F8042C013232446D
:101800005A6054F8082C1A6002B0BDE87040FDF729
:101810001FBF1346CFE70000F0B5174687B0082278
:101820000E461D46FFF742FF0446C0B10C9B3444F0
:1018300004930D9BCDE9007005933023CDE902455B
:1018400083F311886846FEF7B5F8012300210446AA
:1018500080F82530FDF7B6FF002383F3118820467A
:1018600007B0F0BDFEE7000070B51E4B0025044632
:1018700086B058600E4605638163FCF7B5F904F144
:101880002803A5606563C4E90A3304F11003C4E9C1
:1018900004334FF0FF33C4E90044C4E90635FFF7D1
:1018A0009FFE2B46024604F13C012046C4E9082372
:1018B00080230D4AE567FEF763F87368E0600B4A22
:1018C00003620123009280F824306846F268019296
:1018D0003269CDE90223064BCDE90435FEF784F8E1
:1018E00006B070BD286F0020CC5F0108C45F0108FE
:1018F00065180108024A536B18435063704700BFD4
:10190000706C00204B6843608B688360CB68C36059
:101910000B6943614B6903628B6943620B68036027
:101920007047000008B53A4B40F2FF713948D3F8D0
:1019300088200A43C3F88820D3F8882022F4FF6265
:1019400022F00702C3F88820D3F88830324B1A6C93
:101950000A431A649A6E0A439A66304A9B6E11468D
:10196000FFF7D0FF00F5806002F11C01FFF7CAFF0E
:1019700000F5806002F13801FFF7C4FF00F58060D8
:1019800002F15401FFF7BEFF00F5806002F1700123
:10199000FFF7B8FF00F5806002F18C01FFF7B2FF9E
:1019A00000F5806002F1A801FFF7ACFF00F5806050
:1019B00002F1C401FFF7A6FF00F5806002F1E0012B
:1019C000FFF7A0FF00F5806002F1FC01FFF79AFF2E
:1019D00002F58C7100F58060FFF794FF00F00CF9C0
:1019E0000F4BD3F8902242F00102C3F89022D3F8B3
:1019F000942242F00102C3F894220522C3F89820F1
:101A00004FF06052C3F89C20064AC3F8A02008BDDE
:101A1000004402580000025800450258F85F0108CF
:101A200000ED00E01F00080308B500F0B5FAFDF76F
:101A300071FF0D4BDA6B42F04002DA635A6E22F00E
:101A400040025A665B6E094B1A6842F008021A603F
:101A50001A6842F004021A60FEF714FEFEF7C6FC94
:101A6000BDE80840FEF746BA004502580018024893
:101A7000704700000E4B9A6C42F008029A641A6F8D
:101A800042F008021A670B4A1B6FD36B43F008033E
:101A9000D363C722084B9A624FF0FF32DA6200220A
:101AA0009A615A63DA605A6001225A611A6070477B
:101AB000004502580010005C000C0040094A08B5BF
:101AC0001169D3680B40D9B29B076FEA010111611C
:101AD00007D5302383F31188FDF746FF002383F3F6
:101AE000118808BD000C0040044BDA6B0243DA6336
:101AF0005A6E104358665B6E704700BF004502582F
:101B000008B53C4B4FF0FF31D3F8802062F0004223
:101B1000C3F88020D3F8802002F00042C3F8802070
:101B2000D3F88020D3F88420C3F88410D3F884201D
:101B30000022C3F88420D3F88400D86F40F0FF401F
:101B400040F4FF0040F4DF4040F07F00D867D86FDA
:101B500020F0FF4020F4FF0020F4DF4020F07F0061
:101B6000D867D86FD3F888006FEA40506FEA5050BA
:101B7000C3F88800D3F88800C0F30A00C3F88800CF
:101B8000D3F88800D3F89000C3F89010D3F89000F1
:101B9000C3F89020D3F89000D3F89400C3F89410C1
:101BA000D3F89400C3F89420D3F89400D3F89800A5
:101BB000C3F89810D3F89800C3F89820D3F8980089
:101BC000D3F88C00C3F88C10D3F88C00C3F88C20A9
:101BD000D3F88C00D3F89C00C3F89C10D3F89C1069
:101BE000C3F89C20D3F89C30FCF702FCBDE8084009
:101BF00000F0AAB90044025808B50122504BC3F8BE
:101C00000821504B5A6D42F002025A65DA6F42F0D9
:101C10000202DA670422DB6F4B4BDA605A689104E8
:101C2000FCD54A4A1A6001229A60494ADA600022C9
:101C30001A614FF440429A61434B9A699204FCD571
:101C40001A6842F480721A60424B1A6F12F4407F95
:101C500004D04FF480321A6700221A671A6842F0E3
:101C600001021A603B4B1A685007FCD500221A612A
:101C70001A6912F03802FBD1012119604FF080413E
:101C800059605A67344ADA62344A1A611A6842F46F
:101C900080321A602F4B1A689103FCD51A6842F4FF
:101CA00080521A601A689204FCD52D4A2D499A6216
:101CB00000225A63196301F57C01DA6301F5E771CB
:101CC00099635A64284A1A64284ADA621A6842F008
:101CD000A8521A601F4B1A6802F02852B2F1285F0E
:101CE000F9D148229A614FF48862DA6140221A627F
:101CF0001F4ADA641F4A1A651F4A5A651F4A9A65C5
:101D000032231F4A1360136803F00F03022BFAD12A
:101D1000104A136943F003031361136903F0380396
:101D2000182BFAD14FF00050FFF7DEFE4FF0804045
:101D3000FFF7DAFE4FF00040BDE80840FFF7D4BEE1
:101D400000800051004502580048025800C000F0D1
:101D500004000001004402580000FF0100889008C0
:101D60003220600063020901470E0508DD0BBF0148
:101D700020000020000001100910E0000001011007
:101D8000002000524FF0B04208B5D2F8883003F07E
:101D90000103C2F8883023B1044A13680BB15068BC
:101DA0009847BDE80840FBF747BF00BFC08C002044
:101DB0004FF0B04208B5D2F8883003F00203C2F801
:101DC000883023B1044A93680BB1D0689847BDE8C6
:101DD0000840FBF731BF00BFC08C00204FF0B0427D
:101DE00008B5D2F8883003F00403C2F8883023B174
:101DF000044A13690BB150699847BDE80840FBF7E6
:101E00001BBF00BFC08C00204FF0B04208B5D2F815
:101E1000883003F00803C2F8883023B1044A93697C
:101E20000BB1D0699847BDE80840FBF705BF00BF7C
:101E3000C08C00204FF0B04208B5D2F8883003F0D3
:101E40001003C2F8883023B1044A136A0BB1506AF8
:101E50009847BDE80840FBF7EFBE00BFC08C0020EC
:101E60004FF0B04310B5D3F8884004F47872C3F84B
:101E70008820A30604D5124A936A0BB1D06A98470A
:101E8000600604D50E4A136B0BB1506B98472106C0
:101E900004D50B4A936B0BB1D06B9847E20504D580
:101EA000074A136C0BB1506C9847A30504D5044A3C
:101EB000936C0BB1D06C9847BDE81040FBF7BCBEEB
:101EC000C08C00204FF0B04310B5D3F8884004F424
:101ED0007C42C3F88820620504D5164A136D0BB105
:101EE000506D9847230504D5124A936D0BB1D06D00
:101EF0009847E00404D50F4A136E0BB1506E984713
:101F0000A10404D50B4A936E0BB1D06E98476204BE
:101F100004D5084A136F0BB1506F9847230404D5BA
:101F2000044A936F0BB1D06F9847BDE81040FBF7A0
:101F300083BE00BFC08C002008B5FFF7BFFDBDE821
:101F40000840FBF779BE0000062108B50846FCF7FB
:101F5000EFFD06210720FCF7EBFD06210820FCF72A
:101F6000E7FD06210920FCF7E3FD06210A20FCF726
:101F7000DFFD06211720FCF7DBFD06212820FCF7FA
:101F8000D7FD09217A20FCF7D3FD07213220BDE8D7
:101F90000840FCF7CDBD000008B5FFF7B1FD00F02B
:101FA0000BF8FCF7E5FFFCF7B7FEFFF761FDBDE8B6
:101FB0000840FFF713BB00000023054A1946013310
:101FC000102BC2E9001102F10802F8D1704700BFDE
:101FD000C08C00200B460146184600F029B80000CE
:101FE000FEF738BA012838BF012010B50446204654
:101FF000FEF7F4F930B900F007F808B900F00CF872
:102000008047F4E710BD0000024B1868BFF35B8FF8
:10201000704700BF408D002008B5062000F0B4F8DE
:102020000120FDF7B5FE00000A22002100F0B6B93C
:1020300010B5054C13462CB10A4601460220AFF3F9
:10204000008010BD2046FCE700000000014B18682E
:10205000704700BF8023002010B501390244904230
:1020600001D1002005E0037811F8014FA34201D00F
:10207000181B10BD0130F2E72DE9F041A3B1C91AD8
:1020800017780144044603F1FF3C8C42204601D9F5
:10209000002009E00578BD4204F10104F5D10CEB04
:1020A0000405D618A54201D1BDE8F08115F8018DCF
:1020B00016F801EDF045F5D0E7E70000164B10B536
:1020C0001C68A36BB3B91820FEF788F9A06328B980
:1020D0000246124B12484E2100F0E6F9114A124B0B
:1020E000C0E90023114B83600B238381012200236D
:1020F000C0E90423A46B0E4A206963690D49424379
:1021000001FB0322A0FB0101431C42EB0100C4E9D7
:10211000043020F0004010BD80230020346201080C
:102120004B6201080E33CDAB34126DE6ECDE0500D8
:102130002DF451582D7F954C1F2938B504460D4676
:1021400004D9162303604FF0FF3038BD426C12B142
:1021500052F821304BB9204600F030F82A460146AB
:102160002046BDE8384000F017B8012B0AD0591CB2
:1021700003D1162303600120E7E7002442F825403D
:10218000284698470020E0E7024B01461868FFF711
:10219000D3BF00BF8023002038B5074D002304467D
:1021A000084611462B60FDF7F7FD431C02D12B6852
:1021B00003B1236038BD00BF448D0020FDF7E6BDAC
:1021C000C9B2034610F8012B1AB18A42F9D1184658
:1021D0007047002918BF0023F9E70000034611F8F3
:1021E000012B03F8012B002AF9D1704710B50139F2
:1021F000034632B111F8014F03F8014B013A002CAC
:10220000F7D11A440021934200D110BD03F8011BFD
:10221000F9E700000A7870B56AB970BD9A4209D131
:102220000C46054614F8013F002BF6D015F8016F57
:102230009E42F7D001300378002BEFD11846ECE72F
:10224000F0B508B9106888B10446204614F8015B5F
:102250000F4617F8016B1EB965B91560284605E0F1
:10226000B542F6D1002BF0D114600370F0BD1C46CE
:102270000CE015B914F8013B0E4616F8015BAB42B1
:10228000F7D1002BF3D0002304F8013C1460EDE7F4
:102290000123FFF7D5BF0000012B2DE9F04701D046
:1022A000242B06D9FFF7D2FE162303600020BDE8D9
:1022B000F087DFF8E4C00D462E4615F8014B14F800
:1022C0000C7017F00807F7D12D2C32D12C7801278C
:1022D000B51C002B5BD0102B09D1302C07D12C78EA
:1022E00004F0DF04582C4DD16C781023023507F12F
:1022F000004808F1FF384FF0000CB8FBF3F96646D0
:1023000003FB198AA4F1300EBEF1090F16D87446EA
:10231000A34224DDBCF1000F1EDBB1451CD301D16B
:10232000A24519DB06FB03464FF0010C15F8014BE3
:10233000E8E72B2C04BF2C78B51CCAE7A4F1410EAA
:10234000BEF1190F01D8373CE2E7A4F1610EBEF1EE
:10235000190F04D8573CDBE74FF0FF3CE6E7BCF130
:10236000000F05DA22230360464642B930469EE755
:1023700007B17642002AF9D0BCF1000F00D0691EE7
:102380001160F3E73024002BB1D10823AFE7302CE4
:10239000A5D00A23ABE700BF2D61010813460A460A
:1023A000014602480068FFF777BF00BF8023002086
:1023B0002DE9F043364F86460D46284615F8014B69
:1023C000E65D16F00806F8D12D2C2FD12C780126C9
:1023D000851C002B57D0102B09D1302C07D1287821
:1023E00000F0DF00582849D16C78102302354FF0F7
:1023F000FF380027B8FBF3F803FB08F96FEA090977
:102400003846A4F1300CBCF1090F14D86446A3423D
:1024100022DD002F1DDB80451BD301D1A14518DB38
:1024200000FB0340012715F8014BEAE72B2C04BF02
:102430002C78851CCDE7A4F1410CBCF1190F01D813
:10244000373CE4E7A4F1610CBCF1190F04D8573C08
:10245000DDE74FF0FF37E6E7002F07DA2223CEF85B
:1024600000304FF0FF3032B9BDE8F08306B1404292
:10247000002AF9D007B1691E1160F5E73024002B5E
:10248000B5D10823B3E7302CA9D00A23AFE700BFAA
:102490002D61010813460A46014602480068FFF70D
:1024A00087BF00BF802300201FB514461A46094B82
:1024B0001B680546D8684CB1074B0091CDE9013443
:1024C00006492B4600F00EF8FFF7A6FD044B1C460C
:1024D000F3E700BF80230020C8620108D56201082D
:1024E000903401080EB403B5014603AB054853F818
:1024F000042B0068019300F031F802B05DF804EBA2
:1025000003B07047802300209368013B002B10B478
:10251000936008DA9469A34201DB0A2903D15DF8CC
:10252000044B00F0DFBA1368581C1060197008469D
:102530005DF8044B70470000F8B506460F46144698
:10254000D518AC4201D1002007E014F8011B3A462F
:102550003046FFF7D9FF431CF3D1F8BD2DE9F04F0A
:102560000D469DB014469846064618B183690BB9CE
:1025700000F092FC894B9D421BD175686B6ED907A8
:1025800005D4AB899A0502D4A86D00F025FDAB896E
:102590001B0701D52B69EBB92946304600F0F4FA48
:1025A000C0B16B6EDC070ED54FF0FF301DB0BDE83B
:1025B000F08F7B4B9D4201D1B568DFE7794B9D429F
:1025C00008BFF568DAE7AB899805EDD4A86D00F08F
:1025D00005FDE9E70023099320238DF82930CDF884
:1025E0000C803023DFF8C0818DF82A304FF00109CC
:1025F00023469A4613F8012B0AB1252AF9D1BAEBE2
:10260000040B0BD05B46224629463046FFF794FF69
:10261000013000F0AA80099A5A4409929AF80030D1
:10262000002B00F0A28000234FF0FF32CDE90523FC
:102630000AF1010A049307938DF853301A93544614
:10264000052214F8011B5848EDF7FEFE049AD8B98C
:10265000D10644BF20238DF85330130744BF2B23EA
:102660008DF853309AF800302A2B15D0079A54462B
:1026700000204FF00A0C214611F8013B303B092B9A
:102680004ED9B0B1079214E0A0EB080309FA03F3A6
:1026900013430493A246D2E7039B191D1B680391C1
:1026A000002BBBBF5B4242F0020207930793B8BF07
:1026B000049223782E2B0CD163782A2B35D1039BDF
:1026C0001A1D1B680392002BB8BF4FF0FF33023472
:1026D0000593DFF8E4A0217803225046EDF7B4FE1D
:1026E00040B14023A0EB0A0003FA00F0049B03432F
:1026F0000134049314F8011B2C488DF8281006228D
:10270000EDF7A2FE00283FD0294B1BBB039B0733EC
:1027100023F0070308330393099B3B44099367E7BE
:102720000CFB02320C460120A5E70023013405937F
:1027300019464FF00A0C204610F8012B303A092AAE
:1027400003D9002BC5D00591C3E70CFB012104463A
:102750000123F0E703AB00932A46164B04A9304649
:10276000AFF300800746781CD6D16B6ED90705D42D
:10277000AB899A0502D4A86D00F030FCAB895B06EA
:102780003FF512AF099811E703AB00932A46094BB6
:1027900004A9304600F080F8E4E700BF4C6301086C
:1027A0006C6301082C630108046301080E630108CF
:1027B00000000000392501080A6301082DE9F047EF
:1027C000164699468A680B69DDF820809342B8BFA7
:1027D0001346336091F8432007460C460AB1013393
:1027E00033602368990642BF33680233336025683B
:1027F00015F0060506D104F1190AE36832689B1A40
:10280000AB4226DC94F84320131E226818BF012334
:1028100092062BD404F1430249463846C0470130A2
:102820001ED02368E568326803F00603042B08BF56
:10283000AD1AA36822690CBF25EAE575002593420D
:10284000C4BF9B1AED1800261A34B5421AD10020D5
:1028500008E00123524649463846C047013003D1BB
:102860004FF0FF30BDE8F0870135C6E7E1185A1C8C
:10287000302081F84300224494F8451082F8431038
:102880000233C7E70123224649463846C047013094
:10289000E6D00136D9E700002DE9FF470F7E0C9DF9
:1028A000782F914680460C469A4601F1430207D89C
:1028B000622F0AD8002F00F0D880582F00F0A38094
:1028C00004F1420584F842703AE0A7F16303152B46
:1028D000F6D801A151F823F0312901084529010852
:1028E000C1280108C1280108C1280108C128010820
:1028F00045290108C1280108C1280108C12801088B
:10290000C1280108512A010875290108332A010844
:10291000C1280108C1280108732A0108C12801083B
:1029200075290108C1280108C12801083B2A0108AE
:102930002B681A1D1B682A6004F1420584F8423096
:102940000123A3E020682968060601F104030AD5E3
:102950000E682B60002E03DA2D23764284F8433074
:102960005E480A2319E00E682B6010F0400F18BF74
:1029700036B2EFE72B682068191D2960010601D5E2
:102980001E6802E04606FBD51E8854486F2F0CBF18
:1029900008230A23002184F843106568A560002DF0
:1029A000A2BF216821F0040121600EB9002D4DD095
:1029B0001546B6FBF3F103FB1167C75D05F8017D12
:1029C0003746BB420E46F4D9082B0BD12368DE07ED
:1029D00008D5236961689942DEBF302305F8013CC0
:1029E00005F1FF35521B2261CDF800A04B4603AA2A
:1029F00021464046FFF7E2FE01304CD14FF0FF3058
:102A000004B0BDE8F087354881F84570296823682F
:102A100051F8046B29601D0614D5DF0744BF43F04D
:102A2000200323601EB9236823F0200323601023B2
:102A3000B0E7236843F0200323607823284884F814
:102A40004530E3E7590648BFB6B2E6E71546BBE7AF
:102A50002B6826686169181D286035061B6801D53A
:102A6000196002E07006FBD519800023236115462A
:102A7000BAE72B681A1D2A601D6862680021284683
:102A8000EDF7E2FC08B1401B60606368236100233E
:102A900084F84330A8E723692A4649464046D04790
:102AA0000130ABD023689B0713D4E068039B9842A6
:102AB000B8BF1846A4E70123324649464046D047EE
:102AC00001309BD00135E36803995B1AAB42F2DC1D
:102AD000EBE7002504F11906F5E700BF2C5F0108BC
:102AE00018630108F8B50E461446054618B1836907
:102AF0000BB900F0D1F9214B9C422BD16C68A36932
:102B0000A360A3891A072FD523696BB323692068B3
:102B1000C01A6369F6B28342374604DC2146284670
:102B200000F026F930BBA368013BA36023685A1C60
:102B300022601E7063690130834204D0A389DB07E1
:102B400006D50A2E04D12146284600F011F988B98D
:102B50003846F8BD0A4B9C4201D1AC68CFE7094B1F
:102B60009C4208BFEC68CAE72146284600F00CF8F2
:102B70000028CBD04FF0FF37EAE700BF4C630108D5
:102B80006C6301082C630108324B70B51D68064662
:102B90000C4625B1AB6913B9284600F07DF92E4BE0
:102BA0009C420FD16C68A389B4F90C2019072CD46E
:102BB000DD0611D40923336042F04003A3814FF0B6
:102BC000FF303EE0254B9C4201D1AC68EBE7244B43
:102BD0009C4208BFEC68E6E7580712D5616B41B12B
:102BE00004F14403994202D03046FDF76FFC002304
:102BF0006363A38923F02403A38100236360236913
:102C00002360A38943F00803A38123694BB9A389F7
:102C100003F42073B3F5007F03D02146304600F063
:102C200005FAA089B4F90C2010F001030AD00023A2
:102C3000A36063695B42A361236943B910F080001C
:102C4000BAD170BD810758BF6369A360F4E7002063
:102C5000F7E700BF802300204C6301086C63010884
:102C60002C6301088A892DE9F041054610070C46BE
:102C700058D44B68002B05DC0B6C002B02DC0020C9
:102C8000BDE8F081E66A002EF9D0002312F48052EC
:102C90002F682B6032D0606DA3895A0705D5636811
:102CA000C01A636B0BB1236CC01A00230246E66A9C
:102CB000216A2846B047431CA38906D129681D29EB
:102CC0002CD82A4ACA40D60728D500226260D904E7
:102CD0002269226004D5421C01D12B6803B96065CA
:102CE000616B2F600029CAD004F14403994202D0DD
:102CF0002846FDF7EBFB00206063C1E7216A012352
:102D00002846B047411CC7D12B68002BC4D01D2BCF
:102D100001D0162B01D12F60B1E7A38943F0400306
:102D2000A381ADE70F69002FA9D093070E6808BFF4
:102D30004B690F6018BF0023A6EB07088B60B8F142
:102D4000000F9CDD216AA66A43463A462846B047F2
:102D5000002806DCA38943F04003A3814FF0FF3035
:102D60008EE70744A8EB0008E9E700BF0100402018
:102D700038B50B6905460C4613B90025284638BD01
:102D800018B183690BB900F087F8144B9C421BD132
:102D90006C68B4F90C30002BEFD0626ED00704D40D
:102DA000990502D4A06D00F017F928462146FFF7D7
:102DB00059FF636EDA070546E0D4A3899B05DDD48D
:102DC000A06D00F00BF9D9E7054B9C4201D1AC682E
:102DD000DFE7044B9C4208BFEC68DAE74C6301086C
:102DE0006C6301082C630108002310B50446C0E998
:102DF0000033C0E90433836081814366C28183610B
:102E0000194608225C30EFF7EBFA054B6362054B7D
:102E1000A362054BE362054B2462236310BD00BF30
:102E2000AD300108D1300108093101082D31010808
:102E3000014900F0AFB800BF712D010870B56822DC
:102E40004D1E55430E4605F17401FDF73BFB04464C
:102E500040B10021C0E900160C30A06005F1680205
:102E6000EFF7BEFA204670BD014800F0B5B800BFCC
:102E7000488D0020014800F0B1B800BF488D002007
:102E8000014800F0A9B800BF498D0020014800F0BA
:102E9000A5B800BF498D002010B50446FFF7F0FF2C
:102EA000A3691BB1BDE81040FFF7F0BFC4E91233BE
:102EB0002365134B134A1B68A262A34204BF01237C
:102EC000A361204600F020F86060204600F01CF866
:102ED000A060204600F018F80022E060042160683D
:102EE000FFF782FFA06801220921FFF77DFFE0685C
:102EF00002221221FFF778FF0123A361D2E700BF6E
:102F000030620108312E0108F8B50746FFF7ACFF23
:102F10001E4B1E68B36913B93046FFF7BDFF483634
:102F2000D6E90134013B03D533680BB33668F7E7C4
:102F3000B4F90C50D5B9164BE36004F1580065663E
:102F400000F048F8FFF796FFC4E90155C4E90455BD
:102F50002560A5610822294604F15C00EFF740FADC
:102F6000C4E90D55C4E912552046F8BD6834D9E7C7
:102F700004213846FFF762FF044630600028D5D1AF
:102F8000FFF778FF0C233B60EEE700BF30620108DB
:102F90000100FFFF2DE9F8430646884600F148048A
:102FA0000027D4E90195B9F1010905D52468002C61
:102FB000F7D13846BDE8F883AB89012B07D9B5F9BD
:102FC0000E30013303D029463046C04707436835E9
:102FD000E9E70000704700007047000070470000FC
:102FE00070B50E46B1F90E10002996B014461D4674
:102FF00008DAB6F90C3000222A601A0610D44FF411
:1030000080630EE06A4600F0B7F80028F1DB019A11
:1030100002F47042A2F500535A425A412A60EEE788
:1030200040230020236016B070BD00008B8973B56B
:103030009D0706460C4607D504F14703236023612C
:103040000123636102B070BD01AB6A46FFF7C8FFA0
:10305000009905463046FDF735FA48B9B4F90C3009
:103060009A05EFD423F0030343F00203A381E3E7BF
:103070000D4BB362A389206043F08003A381009BC2
:103080006361019B20615BB1B4F90E10304600F022
:1030900085F828B1A38923F0030343F00103A3813A
:1030A000A0890543A581CDE7312E010810B50C4656
:1030B000B1F90E1000F094F80028ABBF636DA3893E
:1030C0001B1823F48053ACBF6365A38110BD0000BF
:1030D0002DE9F0411F468B89DB0505460C46164657
:1030E00005D5B1F90E100223002200F067F8A3897C
:1030F000B4F90E1023F48053A38132463B46284690
:10310000BDE8F04100F016B810B50C46B1F90E104C
:1031100000F054F8431CA38915BF606523F4805365
:1031200043F48053A38118BFA38110BDB1F90E10E1
:1031300000F012B838B5074D044608461146002283
:103140002A601A46FCF716FE431C02D12B6803B115
:10315000236038BD448D002038B5064D0023044659
:1031600008462B60FCF70AFE431C02D12B6803B112
:10317000236038BD448D002038B5074D0023044638
:10318000084611462B60FCF7FBFD431C02D12B685F
:1031900003B1236038BD00BF448D002038B5064D13
:1031A0000023044608462B60FCF7EEFD431C02D1C9
:1031B0002B6803B1236038BD448D002038B5074D1E
:1031C00004460846114600222A601A46FCF7D0FD44
:1031D000431C02D12B6803B1236038BD448D00200D
:1031E00038B5074D04460846114600222A601A46A3
:1031F000FCF7BAFD431C02D12B6803B1236038BD34
:10320000448D00206B68612E64697374726F2D6247
:103210006C000000495020257300000041383A42FC
:10322000303A32383A30303A30303A303000313992
:10323000322E3136382E312E313030003139322EA7
:103240003136382E312E31003235352E3235352E8D
:103250003235352E30004661696C656420746F200C
:10326000696E697469616C697365206E65746966FD
:1032700000000000302E302E302E30007765625F67
:1032800072657175657374006E6574776F726B002B
:103290007765625F7365727665720000457261736F
:1032A000696E67202E2E2E00466C617368696E670A
:1032B000202575252500466C61736820646F6E6556
:1032C0003A204F4B003C68746D6C3E3C686561640D
:1032D0003E3C6D65746120687474702D657175690C
:1032E000763D22726566726573682220636F6E7424
:1032F000656E743D22343B2075726C3D2F223E3C3E
:103300002F686561643E3C626F64793E466C617310
:1033100068204F4B2C20626F6F74696E673C2F6280
:103320006F64793E3C2F68746D6C3E00466C61732F
:103330006820646F6E653A204552523A2575000048
:10334000485454502F312E3120323030204F4B0D05
:103350000A436F6E74656E742D547970653A2074EB
:103360006578742F68746D6C0D0A436F6E6E6563BB
:1033700074696F6E3A20636C6F73650D0A0D0A00F5
:10338000504F5354202F20000D0A436F6E74656E0A
:10339000742D4C656E6774683A00474554202F625F
:1033A0006F6F746C6F616465725F73746174757351
:1033B0002E68746D6C00474554202F5245424F4F84
:1033C0005400696E6465782E68746D6C003C687496
:1033D0006D6C3E3C686561643E3C6D65746120685F
:1033E0007474702D65717569763D227265667265BB
:1033F00073682220636F6E74656E743D22323B20C9
:1034000075726C3D2F223E3C2F686561643E3C2FF7
:1034100068746D6C3E000000424F4152445F4E4163
:103420004D45006B68615F64697374726F00424F51
:103430004152445F4944003133333300464C4153D9
:10344000485F53495A4500323034380053544D33A5
:103450003248373F3F3F0053544D3332483733787B
:103460002F3732780053544D3332483734332F37A7
:1034700035332F373530000001105A000310590042
:10348000012058000320560040A2E4F16468910630
:103490000041A3E5F2656992070000004C574950CE
:1034A0003A2025733A2025733A2575002E2E2F2EAB
:1034B0002E2F6D6F64756C65732F6C7769702F7329
:1034C00072632F636F72652F6E657469662E630079
:1034D0006E657469665F69737375655F7265706F39
:1034E0007274733A20696E76616C6964206E6574DB
:1034F00069660000696E76616C696420706F696E40
:10350000746572006E65746966206D7573742062EF
:103510006520213D204E554C4C00000073696E67BC
:103520006C65206E6574696620616C726561647992
:1035300020736574000000002E2E2F2E2E2F6D6F2D
:1035400064756C65732F6C7769702F7372632F636A
:103550006F72652F706275662E630000696E76610A
:103560006C696420706275665F7479706500000034
:10357000706275665F667265653A20702D3E726591
:1035800066203E20300070632D3E637573746F6D4E
:103590005F667265655F66756E6374696F6E202124
:1035A0003D204E554C4C00696E76616C696420700C
:1035B00062756620747970650000000050425546BF
:1035C0005F504F4F4C5F42554653495A45206D75E9
:1035D0007374206265206269676765722074686130
:1035E0006E204D454D5F414C49474E4D454E540070
:1035F000706275665F616C6C6F633A206572726FA2
:103600006E656F7573207479706500007062756601
:103610005F7265616C6C6F633A207020213D204EB3
:10362000554C4C00706275665F7265616C6C6F63BF
:103630003A207120213D204E554C4C006D656D5F48
:103640007472696D2072657475726E656420722083
:103650003D3D204E554C4C006D656D5F7472696D3B
:103660002072657475726E6564207220213D207130
:10367000000000007062756620726566206F7665D6
:1036800072666C6F77000000702D3E746F745F6C13
:10369000656E203D3D20702D3E6C656E20286F6666
:1036A000206C617374207062756620696E20636897
:1036B00061696E2900702D3E6E657874203D3D2055
:1036C0004E554C4C000000006F66667365745F7465
:1036D0006F203C3D20705F746F2D3E6C656E006FF7
:1036E00066667365745F66726F6D203C3D20705F27
:1036F00066726F6D2D3E6C656E00000070627566BF
:103700005F636F7079206661696C6564000000001A
:103710002E2E2F2E2E2F6D6F64756C65732F6C7788
:1037200069702F7372632F636F72652F7463702ECD
:1037300063007463705F667265653A204C49535448
:10374000454E000070636220213D204E554C4C00D8
:10375000616363657074735F70656E64696E672022
:10376000213D2030000000007063622D3E737461C3
:103770007465203D3D204C495354454E20286361DB
:103780006C6C656420666F722077726F6E67207054
:1037900063623F29000000007463705F75706461AC
:1037A00074655F7263765F616E6E5F776E643A20F8
:1037B000696E76616C696420706362006E65775F24
:1037C0007263765F616E6E5F776E64203C3D203081
:1037D0007866666666000000646F6E277420636119
:1037E0006C6C207463705F72656376656420666FCD
:1037F00072206C697374656E2D70636273000000D3
:103800007463705F7365675F636F70793A20696E88
:1038100076616C696420736567000000696E76618B
:103820006C696420736F636B657420737461746575
:1038300020666F7220726563762063616C6C6261D2
:10384000636B0000696E76616C696420736F636BF3
:10385000657420737461746520666F722073656E81
:10386000742063616C6C6261636B0000696E7661E9
:103870006C696420736F636B657420737461746525
:1038800020666F72206572722063616C6C62616386
:103890006B000000696E76616C696420736F636B06
:1038A000657420737461746520666F7220706F6C2C
:1038B0006C0000007463705F6E6578745F69737389
:1038C0003A20696E76616C69642070636200000062
:1038D0007463705F6566665F73656E645F6D737356
:1038E0005F6E657469663A20696E76616C69642002
:1038F0006473745F697000007463705F7063625F0B
:1039000072656D6F76653A20696E76616C696420C8
:10391000706362007463705F7063625F72656D6F85
:1039200076653A20696E76616C6964207063626CBA
:1039300069737400756E73656E74207365676D6569
:103940006E7473206C65616B696E6700756E616380
:103950006B6564207365676D656E7473206C65615B
:103960006B696E67006F6F736571207365676D6556
:103970006E7473206C65616B696E6700646F6E278F
:10398000742063616C6C207463705F61626F727429
:103990002F7463705F6162616E646F6E20666F7218
:1039A000206C697374656E2D706362730000000093
:1039B0007463705F6163636570745F6E756C6C3A9D
:1039C00020696E76616C696420706362000000009B
:1039D0007463705F6E657469665F69705F6164646B
:1039E000725F6368616E6765645F7063626C697360
:1039F000743A20696E76616C6964206F6C645F61F3
:103A0000646472007463705F636C6F73655F736886
:103A10007574646F776E3A20696E76616C696420A4
:103A2000706362007063622D3E666C61677320266E
:103A30002054465F5258434C4F53454400746370C2
:103A40005F667265655F6C697374656E3A20214CC0
:103A5000495354454E0000007463705F736C6F7778
:103A6000746D723A20616374697665207063622DAB
:103A70003E737461746520213D20434C4F5345448F
:103A8000007463705F736C6F77746D723A2061635A
:103A900074697665207063622D3E7374617465206D
:103AA000213D204C495354454E007463705F736C44
:103AB0006F77746D723A2061637469766520706304
:103AC000622D3E737461746520213D2054494D453B
:103AD0002D57414954007463705F736C6F7774693C
:103AE0006D723A2070657273697374207469636BC8
:103AF000696E67207769746820696E2D666C6967E6
:103B000068742064617461007463705F736C6F77B4
:103B100074696D723A207065727369737420746988
:103B2000636B696E67207769746820656D7074795E
:103B30002073656E642062756666657200746370DA
:103B40005F736C6F77746D723A206D6964646C6535
:103B50002074637020213D207463705F6163746919
:103B600076655F70636273007463705F736C6F7708
:103B7000746D723A20666972737420706362203DBE
:103B80003D207463705F6163746976655F70636222
:103B900073007463705F736C6F77746D723A205446
:103BA000494D452D57414954207063622D3E737431
:103BB000617465203D3D2054494D452D5741495480
:103BC000007463705F736C6F77746D723A206D6907
:103BD00064646C652074637020213D207463705FA1
:103BE00074775F70636273007463705F736C6F7778
:103BF000746D723A20666972737420706362203D3E
:103C00003D207463705F74775F70636273000000BF
:103C1000010203040506070707070707070000005E
:103C2000E4650020E0650020D8650020F0650020F4
:103C300003060C18306078002E2E2F2E2E2F6D6F5D
:103C400064756C65732F6C7769702F7372632F6363
:103C50006F72652F7463705F696E2E63007463709A
:103C60005F6F6F735F696E736572745F7365676DA5
:103C7000656E743A20696E76616C69642063736561
:103C8000670000007463705F70617273656F7074B9
:103C90003A20696E76616C6964207063620000008E
:103CA0007463705F696E7075745F64656C6179656B
:103CB000645F636C6F73653A20696E76616C6964EA
:103CC00020706362000000007063622D3E736E64BA
:103CD0005F71756575656C656E203E3D207062751F
:103CE000665F636C656E286E6578742D3E70290082
:103CF0007463705F726563656976653A2076616C9E
:103D00006964207175657565206C656E67746800FF
:103D10007463705F726563656976653A20696E7673
:103D2000616C696420706362007463705F726563C4
:103D3000656976653A2077726F6E67207374617477
:103D40006500696E7365672E7020213D204E554CCD
:103D50004C00696E73616E65206F666673657421D1
:103D6000007062756620746F6F2073686F727421C3
:103D7000007463705F726563656976653A20736588
:103D8000676D656E74206E6F74207472696D6D65F9
:103D90006420636F72726563746C7920746F207233
:103DA00063765F776E64007463705F7265636569E4
:103DB00076653A207365676D656E74206E6F74204A
:103DC0007472696D6D656420636F72726563746C83
:103DD0007920746F206F6F736571207175657565DB
:103DE000007463705F726563656976653A20746319
:103DF000706C656E203E207263765F776E6400742F
:103E000063705F726563656976653A206F6F73658D
:103E100071207463706C656E203E207263765F77EC
:103E20006E6400007463705F696E7075743A206927
:103E30006E76616C6964207062756600702D3E6EEE
:103E400065787420213D204E554C4C00702D3E6C01
:103E5000656E203D3D203000702D3E746F745F6CA8
:103E6000656E203D3D20702D3E6E6578742D3E744C
:103E70006F745F6C656E007463705F696E707574EB
:103E80003A20616374697665207063622D3E7374B5
:103E900061746520213D20434C4F534544007463B9
:103EA000705F696E7075743A20616374697665201D
:103EB0007063622D3E737461746520213D20544906
:103EC0004D452D57414954007463705F696E70759C
:103ED000743A20616374697665207063622D3E7365
:103EE0007461746520213D204C495354454E007443
:103EF00063705F696E7075743A207063622D3E6EF8
:103F000065787420213D2070636220286265666FA9
:103F1000726520636163686529007463705F696E10
:103F20007075743A207063622D3E6E65787420213E
:103F30003D2070636220286166746572206361634E
:103F4000686529007463705F696E7075743A2054F7
:103F5000494D452D57414954207063622D3E73747D
:103F6000617465203D3D2054494D452D57414954CC
:103F7000007463705F696E7075743A207063622DAF
:103F80003E737461746520213D20434C4F5345447A
:103F9000007063622D3E736E645F71756575656C4C
:103FA000656E203E2030006E6F207365676D656E14
:103FB0007420746F2066726565007063622D3E6CBC
:103FC000697374656E65722D3E61636365707420FC
:103FD000213D204E554C4C007063622D3E7265664B
:103FE000757365645F64617461203D3D204E554C7E
:103FF0004C0000002E2E2F2E2E2F6D6F64756C65D9
:10400000732F6C7769702F7372632F636F72652FD4
:104010007463705F6F75742E63007463705F6F7587
:10402000747075745F7365676D656E745F627573C8
:10403000793A20696E76616C696420736567000067
:104040007463705F706275665F707265616C6C6FCF
:10405000633A20696E76616C696420706362006EF9
:1040600065656420756E636861696E656420706261
:10407000756600007463705F6372656174655F7379
:1040800065676D656E743A20696E76616C6964204F
:10409000706362007463705F6372656174655F73FF
:1040A00065676D656E743A20696E76616C6964202F
:1040B0007062756600702D3E746F745F6C656E2063
:1040C0003E3D206F70746C656E0000007463705F1D
:1040D0006F75747075745F636F6E74726F6C5F73FD
:1040E00065676D656E745F6E657469663A206E6FA4
:1040F000206E6574696620676976656E0000000051
:10410000636865636B207468617420666972737498
:1041100020706275662063616E20686F6C64207326
:104120007472756374207463705F68647200000059
:104130007463705F6F75747075745F616C6C6F63BE
:104140005F6865616465723A20696E76616C696466
:1041500020706362000000007463705F6F7574709C
:1041600075745F66696C6C5F6F7074696F6E733ABB
:1041700020696E76616C696420706275660000006B
:104180007463705F7273743A20696E76616C6964EF
:10419000206C6F63616C5F6970007463705F727331
:1041A000743A20696E76616C69642072656D6F7413
:1041B000655F6970000000007463705F6F757470F4
:1041C00075745F636F6E74726F6C5F7365676D6536
:1041D0006E743A20696E76616C69642070627566EF
:1041E000000000007463705F77726974653A207034
:1041F00062756673206F6E207175657565203D3E32
:10420000206174206C65617374206F6E6520717518
:10421000657565206E6F6E2D656D707479007463C1
:10422000705F77726974653A206E6F207062756690
:1042300073206F6E207175657565203D3E20626F3D
:1042400074682071756575657320656D707479008B
:104250006D73735F6C6F63616C20697320746F6F33
:1042600020736D616C6C00696E636F6E736973743B
:10427000656E74206F76657273697A652076732E29
:1042800020737061636500696E636F6E7369737428
:10429000656E74206F76657273697A652076732E09
:1042A000206C656E007463705F77726974653A2084
:1042B000524F4D2070627566732063616E6E6F742D
:1042C000206265206F76657273697A656400756E29
:1042D00073656E745F6F76657273697A65206D6958
:1042E000736D6174636820287063622D3E756E7310
:1042F000656E74206973204E554C4C2900746370B0
:104300005F77726974653A20636865636B207468CF
:1043100061742066697273742070627566206361CF
:104320006E20686F6C642074686520636F6D706CBC
:10433000657465207365676C656E006F7665727372
:10434000697A65203D3D203000707265765F736547
:104350006720213D204E554C4C007463705F77728E
:104360006974653A2063616E6E6F7420636F6E636B
:104370006174656E617465207768656E2070636234
:104380002D3E756E73656E7420697320656D707453
:1043900079007463705F77726974653A2065787428
:1043A000656E73696F6E206F6620726566657265F3
:1043B0006E636520726571756972657320726566DA
:1043C0006572656E6365007463705F7772697465AA
:1043D0003A2076616C6964207175657565206C653D
:1043E0006E677468000000007463705F73706C69BE
:1043F000745F756E73656E745F7365673A20696E7E
:1044000076616C6964207063620043616E2774207A
:1044100073706C6974207365676D656E7420696E66
:10442000746F206C656E67746820300073706C69FF
:1044300074203C3D206D737300757365672D3E6C71
:10444000656E203E203000007463705F656E71758C
:104450006575655F666C6167733A206E656564209B
:10446000656974686572205443505F53594E206FDC
:1044700072205443505F46494E20696E20666C613D
:104480006773202870726F6772616D6D6572207638
:10449000696F6C61746573204150492900746370C1
:1044A0005F656E71756575655F666C6167733A20EF
:1044B000696E76616C696420706362007463705F1A
:1044C000656E71756575655F666C6167733A2063CB
:1044D0006865636B20746861742066697273742008
:1044E000706275662063616E20686F6C64206F7007
:1044F000746C656E007365672D3E746370686472DA
:10450000206E6F7420616C69676E656400746370FF
:104510005F656E71756575655F666C6167733A207E
:10452000696E76616C6964207365676D656E742071
:104530006C656E677468007463705F656E71756535
:1045400075655F666C6167733A20696E76616C6948
:1045500064207175657565206C656E677468000010
:104560007463705F73656E645F66696E3A20696E2E
:1045700076616C6964207063620000007463705F30
:104580007265786D69745F72746F5F707265706167
:1045900072653A20696E76616C69642070636200AE
:1045A0007463705F7265786D69743A20696E7661C4
:1045B0006C696420706362007463705F7265786D0B
:1045C00069745F666173743A20696E76616C6964C0
:1045D00020706362000000007463705F73656E6436
:1045E0005F656D7074795F61636B3A20696E7661A7
:1045F0006C696420706362007463705F6F757470BF
:1046000075743A20696E76616C696420706362002B
:10461000646F6E27742063616C6C207463705F6FCD
:10462000757470757420666F72206C697374656E32
:104630002D7063627300525354206E6F742065783E
:10464000706563746564206865726521006F7074BD
:10465000696F6E73206E6F742066696C6C656400A0
:104660007463705F7265786D69745F72746F5F6395
:104670006F6D6D69743A20696E76616C6964207043
:10468000636200007463705F7265786D69745F7255
:10469000746F3A20696E76616C69642070636200A1
:1046A0007463705F6B656570616C6976653A2069EB
:1046B0006E76616C69642070636200007463705F81
:1046C0007A65726F5F77696E646F775F70726F6221
:1046D000653A20696E76616C6964207063620000DF
:1046E0002E2E2F2E2E2F6D6F64756C65732F6C77A9
:1046F00069702F7372632F636F72652F74696D65B4
:104700006F7574732E63007379735F74696D656F71
:1047100075743A2074696D656F757420213D204E63
:10472000554C4C2C20706F6F6C204D454D505F5395
:1047300059535F54494D454F555420697320656D59
:104740007074790054696D656F75742074696D6556
:1047500020746F6F206C6F6E672C206D61782069FC
:1047600073204C5749505F55494E5433325F4D4189
:10477000582F34206D73656373000000FA00000049
:10478000354D0008E80300007D850008E8030000BF
:10479000117B00082E2E2F2E2E2F6D6F64756C65E9
:1047A000732F6C7769702F7372632F636F72652F2D
:1047B000697076342F6574686172702E6300722D93
:1047C0003E7020213D204E554C4C00006E657469B2
:1047D0006620213D204E554C4C00636865636B207C
:1047E00074686174206669727374207062756620E3
:1047F00063616E20686F6C642073747275637420DB
:104800006574686172705F686472006E6574696671
:104810002D3E6877616464725F6C656E206D7573A0
:1048200074206265207468652073616D6520617312
:10483000204554485F4857414444525F4C454E2000
:10484000666F722065746861727021006172705FBA
:104850007461626C655B695D2E71203D3D204E5533
:104860004C4C006172705F7461626C655B695D2EB7
:104870007374617465203D3D204554484152505F3A
:1048800053544154455F454D50545900697061641B
:10489000647220213D204E554C4C006574685F7257
:1048A000657420213D204E554C4C00006E657469A6
:1048B000662D3E6877616464725F6C656E203D3D75
:1048C000204554485F4857414444525F4C454E0090
:1048D0006172705F7461626C655B6172705F696464
:1048E000785D2E7374617465203E3D2045544841C7
:1048F00052505F53544154455F535441424C45001C
:1049000074797065206F766572666C6F77006E6F74
:10491000207061636B6574207175657565732061C6
:104920006C6C6F77656421002E2E2F2E2E2F6D6FED
:1049300064756C65732F6C7769702F7372632F6366
:104940006F72652F697076342F6970342E63007032
:104950002D3E726566203D3D203100636865636BC6
:104960002074686174206669727374207062756661
:104970002063616E20686F6C642073747275637459
:104980002069705F686472002E2E2F2E2E2F6D6F9F
:1049900064756C65732F6C7769702F7372632F6306
:1049A0006F72652F697076342F6970345F6164644B
:1049B000722E6300000000002E2E2F2E2E2F6D6F02
:1049C00064756C65732F6C7769702F7372632F63D6
:1049D0006F72652F697076342F6970345F6672610B
:1049E000672E630073616E69747920636865636B19
:1049F000206C696E6B6564206C6973740000000044
:104A00007072657620213D20697072007072657643
:104A10002D3E6E657874203D3D2069707200706295
:104A20007566735F6672656564202B20636C656EC6
:104A3000203C3D203078666666660069705F72656E
:104A40006173735F70627566636F756E74203E3D4F
:104A50002070627566735F667265656400000000B1
:104A600070637220213D204E554C4C006368656395
:104A70006B20667261676D656E747320646F6E275C
:104A800074206F7665726C6170006E6F2070726555
:104A900076696F757320667261676D656E742C2020
:104AA00074686973206D757374206265207468651D
:104AB00020666972737420667261676D656E742119
:104AC0000073616E69747920636865636B00766159
:104AD0006C69646174655F646174616772616D3A89
:104AE0006E6578745F70627566213D4E554C4C0062
:104AF00069705F72656173735F70627566636F750D
:104B00006E74203E3D20636C656E006E6F7420668F
:104B100069727374616C74686F756768206A757305
:104B20007420656E717565756564000074686973DD
:104B3000206E656564732061207062756620696E01
:104B4000206F6E652070696563652100702D3E6C75
:104B5000656E203E3D20706F666600002E2E2F2E63
:104B60002E2F6D6F64756C65732F6C7769702F7362
:104B700072632F6170692F736F636B6574732E633B
:104B800000736F636B6574735B695D2E73656C6531
:104B900063745F77616974696E67203D3D20300002
:104BA0006E6F20736F636B657420676976656E0046
:104BB000746869732073686F756C64206265206324
:104BC0006865636B656420696E7465726E616C6C98
:104BD0007900696E76616C696420636F70796C65C9
:104BE0006E2C206C656E20776F756C6420756E641A
:104BF0006572666C6F7700696E76616C69642063BC
:104C00006F70796C656E0000756E6B6E6F776E20DD
:104C10006576656E74000000556E6B6E6F776E2062
:104C2000736F636B6574206F7074696F6E00000042
:104C300066726F6D20213D204E554C4C0066726FA0
:104C40006D6C656E20213D204E554C4C00000000DF
:104C50006E6577636F6E6E20213D204E554C4C0083
:104C6000696E76616C696420736F636B657420692B
:104C70006E64657800000000736F636B2D3E6C619D
:104C8000737464617461203D3D204E554C4C0000AE
:104C900062756620213D204E554C4C00736F636B4E
:104CA0002D3E73656C6563745F77616974696E67C7
:104CB000203E20300073656C6563745F63622D3E37
:104CC00070726576203D3D204E554C4C0073656CEE
:104CD0006563745F63622D3E7072657620213D20AE
:104CE0004E554C4C00000000556E68616E646C655A
:104CF00064206E6574636F6E6E20747970652069D0
:104D00006E20534F5F42494E44544F4445564943E9
:104D1000450000002E2E2F2E2E2F6D6F64756C65B2
:104D2000732F6C7769702F7372632F6170692F74A2
:104D3000637069702E630074637069705F74687269
:104D40006561643A20696E76616C6964206D657393
:104D50007361676500000000496E76616C696420CC
:104D60006D626F78000000006661696C6564207494
:104D70006F206372656174652074637069705F741D
:104D80006872656164206D626F78006661696C6548
:104D90006420746F20637265617465206C6F636B4F
:104DA0005F74637069705F636F72650074637069CC
:104DB000705F746872656164000000002E2E2F2EF3
:104DC0002E2F6D6F64756C65732F6C7769702F7300
:104DD00072632F6E657469662F65746865726E659F
:104DE000742E63006E657469662D3E687761646435
:104DF000725F6C656E206D7573742062652036205D
:104E0000666F722065746865726E65745F6F757425
:104E10007075742100000000FFFFFFFFFFFF00001E
:104E200000000000000000006C7769703A204661C5
:104E3000696C656420746F20737461727420746887
:104E400072656164202573002E2E2F2E2E2F6C6923
:104E5000627261726965732F41505F4E6574776F3E
:104E6000726B696E672F6C7769705F68616C2F6118
:104E70007263682F7379735F617263682E637070F9
:104E800000696E76616C6964206D626F7800000065
:104E90003C48544D4C3E0A203C484541443E0A2083
:104EA000203C5449544C453E41505F426F6F746CF6
:104EB0006F616465723C2F5449544C453E0A203C56
:104EC0002F484541443E0A0A203C7363726970745E
:104ED0003E0A20202066756E6374696F6E206479C7
:104EE0006E616D69635F6C6F6164286469765F6988
:104EF000642C207572692C20706572696F645F6D17
:104F00007329207B0A202020202020207661722017
:104F1000786872203D206E657720584D4C48747437
:104F2000705265717565737428293B0A2020202012
:104F30002020207868722E6F70656E2827474554B0
:104F4000272C20757269293B0A2020202020202050
:104F50000A202020202020207868722E7365745249
:104F60006571756573744865616465722822436173
:104F70006368652D436F6E74726F6C222C20226EF5
:104F80006F2D63616368652C206E6F2D73746F7273
:104F9000652C206D61782D6167653D3022293B0AC3
:104FA000202020202020207868722E73657452659E
:104FB00071756573744865616465722822457870FF
:104FC00069726573222C20225475652C20303120A3
:104FD0004A616E203139383020313A30303A303041
:104FE00020474D5422293B0A2020202020202078D1
:104FF00068722E7365745265717565737448656166
:105000006465722822507261676D61222C20226EC5
:105010006F2D636163686522293B0A2020202020D0
:1050200020200A202020202020207868722E6F6EF9
:105030006C6F6164203D2066756E6374696F6E20CD
:105040002829207B0A20202020202020202020200A
:10505000696620287868722E737461747573203DB8
:105060003D3D2032303029207B0A20202020202086
:10507000202020202020202020766172206F75744F
:10508000707574203D20646F63756D656E742E6756
:105090006574456C656D656E744279496428646910
:1050A000765F6964293B0A202020202020202020D0
:1050B000202020202020696620287572692E656EC8
:1050C00064735769746828272E7368746D6C272978
:1050D000207C7C207572692E656E647357697468D4
:1050E00028272E68746D6C272929207B0A20202010
:1050F00020202020202020202020202020202020B0
:105100006F75747075742E696E6E657248544D4C6F
:10511000203D207868722E726573706F6E736554CF
:105120006578743B0A202020202020202020202089
:10513000202020207D20656C7365207B0A202020A4
:10514000202020202020202020202020202020205F
:105150006F75747075742E74657874436F6E7465B2
:105160006E74203D207868722E726573706F6E7356
:1051700065546578743B0A202020202020202020C0
:105180002020202020207D0A2020202020202020D8
:105190002020207D0A2020202020202020202020C8
:1051A00073657454696D656F75742866756E637484
:1051B000696F6E2829207B2064796E616D69635F59
:1051C0006C6F6164286469765F69642C7572692C00
:1051D00020706572696F645F6D73293B207D2C20A0
:1051E000706572696F645F6D73293B0A202020200F
:1051F0002020207D0A202020202020207868722E68
:1052000073656E6428293B0A2020207D0A203C2FEC
:105210007363726970743E0A0A3C68313E426F6F74
:10522000746C6F616465723C2F68313E0A0A3C748D
:1052300061626C653E0A20203C74723E3C74643EA0
:10524000426F61726420547970653C2F74643E3CF7
:1052500074643E7B424F4152445F4E414D457D3C1C
:105260002F74643E3C2F74723E0A20203C74723EC0
:105270003C74643E426F6172642049443C2F746404
:105280003E3C74643E7B424F4152445F49447D3C06
:105290002F74643E3C2F74723E0A20203C74723E90
:1052A0003C74643E466C6173682053697A653C2F98
:1052B00074643E3C74643E7B464C4153485F5349A2
:1052C0005A457D3C2F74643E3C2F74723E0A3C2F3D
:1052D0007461626C653E0A0A3C68313E4669726DD3
:1052E00077617265205570646174653C2F68313E4A
:1052F0000A0A3C666F726D20616374696F6E3D22AD
:1053000022206D6574686F643D22706F7374222073
:10531000656E63747970653D226D756C746970613A
:1053200072742F666F726D2D64617461223E0A2063
:10533000203C696E70757420747970653D226669D1
:105340006C6522206E616D653D2266696C65546FE7
:1053500055706C6F6164222069643D2266696C65DA
:10536000546F55706C6F6164223E0A20203C696E58
:1053700070757420747970653D227375626D6974FF
:10538000222076616C75653D2255706C6F616422D8
:10539000206E616D653D227375626D6974223E0AEF
:1053A00020203C696E70757420747970653D2262AE
:1053B0007574746F6E22206F6E636C69636B3D222F
:1053C0006C6F636174696F6E2E687265663D272F1E
:1053D0005245424F4F54273B222076616C75653D04
:1053E000225265626F6F7422202F3E0A3C2F666F37
:1053F000726D3E0A0A3C68723E0A3C626F64792014
:105400006F6E6C6F61643D226A617661736372696D
:1054100070743A2064796E616D69635F6C6F61646A
:105420002827626F6F746C6F616465725F7374615B
:10543000747573272C272F626F6F746C6F616465AE
:10544000725F7374617475732E68746D6C272C3180
:10545000303029223E0A3C6469762069643D22622C
:105460006F6F746C6F616465725F73746174757370
:10547000223E3C2F6469763E0A0A203C2F424F446C
:10548000593E0A3C2F48544D4C3E0A0043414E467B
:105490004449666163653A204D65737361676520B1
:1054A00052414D204F766572666C6F772100000087
:1054B0004261642043414E496661636520696E64C0
:1054C00065782E00000100000001FF0000A00040F0
:1054D00000A400400000000000000000F9A900083E
:1054E00081A2000881B10008F1A20008FDA2000815
:1054F00015A7000875A40008B9A20008BDA20008FD
:1055000095A200087DA20008D1A60008A1A200086B
:10551000F1B30008ADA20008A5A6000801040E051D
:10552000054B02020E05054B04010E05054B050156
:105530000B04044B080106030346000000000000B2
:1055400000000000FDB20008C1B2000889B20008E6
:10555000D1B2000835B3000891B20008F1B20008DA
:105560000000000000000000A1B20008B9B200086D
:10557000859E000895B20008790D0008B118000852
:105580002E2E2F2E2E2F6D6F64756C65732F6C77FA
:1055900069702F7372632F636F72652F6D656D2E47
:1055A00063006D616C6C6F632829206D75737420C6
:1055B00072657475726E20616C69676E6564206DCA
:1055C000656D6F7279000000726D656D20213D2060
:1055D0004E554C4C00726D656D203D3D204D454D46
:1055E0005F414C49474E28726D656D2900000000EF
:1055F0002E2E2F2E2E2F6D6F64756C65732F6C778A
:1056000069702F7372632F636F72652F6D656D7094
:105610002E63006D656D705F667265653A206D651D
:105620006D2070726F7065726C7920616C69676E45
:10563000656400006D656D705F6D616C6C6F633AE1
:10564000206D656D702070726F7065726C7920616D
:105650006C69676E656400000800000018000000B7
:1056600010000000340000001000000010010000D5
:1056700020000000100000001000000010000000DA
:105680009C0000002000000010000000805601086F
:105690008456010888560108705601085C560108B6
:1056A0006056010864560108785601087C560108C6
:1056B0005856010874560108685601086C560108CE
:1056C0002E2E2F2E2E2F6D6F64756C65732F6C77B9
:1056D00069702F7372632F636F72652F69707634F0
:1056E0002F69636D702E6300636865636B20746857
:1056F00061742066697273742070627566206361DC
:105700006E20686F6C642069636D70206D657373C3
:105710006167650069636D705F696E7075743A20CA
:105720006D6F76696E6720722D3E7061796C6F6166
:105730006420746F2069636D7020686561646572B0
:10574000206661696C65640069636D705F696E7085
:1057500075743A20726573746F72696E67206F7228
:105760006967696E616C20702D3E7061796C6F6144
:1057700064206661696C6564000000002E2E2F2E87
:105780002E2F6D6F64756C65732F6C7769702F7336
:1057900072632F6170692F6170695F6C69622E633B
:1057A0000066726565696E6720636F6E6E2077694B
:1057B00074686F75742066726565696E67207063C2
:1057C0006200636F6E6E20686173206E6F20726579
:1057D00063766D626F7800636F6E6E2D3E616363FA
:1057E0006570746D626F782073686F756C646E2776
:1057F0007420657869737400636F6E6E20686173DE
:10580000206E6F206F705F636F6D706C6574656480
:1058100000000000646F5F777269746520666169DB
:105820006C656420746F20777269746520616C6C9C
:1058300020627974657300002E2E2F2E2E2F6D6F2F
:1058400064756C65732F6C7769702F7372632F6149
:1058500070692F6170695F6D73672E6300636F6E8F
:105860006E2D3E7374617465203D3D204E4554435A
:105870004F4E4E5F434F4E4E4543540028636F6E6C
:105880006E2D3E63757272656E745F6D7367202155
:105890003D204E554C4C29207C7C20636F6E6E2D34
:1058A0003E696E5F6E6F6E5F626C6F636B696E6791
:1058B0005F636F6E6E65637400626C6F636B696EBD
:1058C0006720636F6E6E6563742073746174652006
:1058D0006572726F72000000636F6E6E2D3E73749E
:1058E000617465203D3D204E4554434F4E4E5F57F9
:1058F0005249544500636F6E6E2D3E63757272653A
:105900006E745F6D736720213D204E554C4C0063D3
:105910006F6E6E2D3E7063622E74637020213D2089
:105920004E554C4C00636F6E6E2D3E637572726502
:105930006E745F6D73672D3E6D73672E772E6F6685
:1059400066736574203C20636F6E6E2D3E637572C6
:1059500072656E745F6D73672D3E6D73672E772E63
:105960006C656E00636F6E6E2D3E63757272656E50
:10597000745F6D73672D3E6D73672E772E7665634A
:10598000746F725F636E74203E2030006C776970B4
:105990005F6E6574636F6E6E5F646F5F777269745C
:1059A000656D6F72653A20696E76616C6964206C12
:1059B000656E677468210000696E76616C696420A9
:1059C000636F6E6E007468697320697320666F720E
:1059D00020746370206E6574636F6E6E73206F6EDB
:1059E0006C7900636F6E6E206D7573742062652034
:1059F000696E207374617465204E4554434F4E4E5A
:105A00005F434C4F53450070636220616C72656167
:105A1000647920636C6F73656400436C6F73696EA7
:105A2000672061206C697374656E20706362206DFD
:105A30006179206E6F74206661696C21000000003E
:105A4000726563765F746370206D7573742068612E
:105A5000766520612070636220617267756D656E86
:105A60007400726563765F746370206D7573742063
:105A70006861766520616E20617267756D656E7410
:105A80000065727220213D204552525F4F4B2075B8
:105A90006E68616E646C656400726563765F7463E2
:105AA000703A207265637620666F722077726F6E2F
:105AB0006720706362210000756E68616E646C65BA
:105AC00064206572726F7200696E76616C69642021
:105AD0006F705F636F6D706C657465645F73656D27
:105AE00000636F6E6E2D3E63757272656E745F6DCE
:105AF0007367203D3D204E554C4C0000657272206E
:105B0000213D204E554C4C006E6574636F6E6E5F88
:105B1000616C6C6F633A20756E646566696E65646E
:105B2000206E6574636F6E6E5F747970650000003F
:105B3000504342206D757374206265206465616C0A
:105B40006C6F6361746564206F757473696465203C
:105B5000746869732066756E6374696F6E00726530
:105B600063766D626F78206D757374206265206452
:105B700065616C6C6F6361746564206265666F72E9
:105B8000652063616C6C696E672074686973206658
:105B9000756E6374696F6E006163636570746D62C6
:105BA0006F78206D757374206265206465616C6C1C
:105BB0006F6361746564206265666F7265206361FE
:105BC0006C6C696E6720746869732066756E6374A7
:105BD000696F6E00657870656374206E65777063B9
:105BE00062203D3D204E554C4C206F7220657272F4
:105BF000203D3D204552525F4F4B00006E6574635F
:105C00006F6E6E207374617465206572726F7200BE
:105C1000616C72656164792077726974696E67205E
:105C20006F7220636C6F73696E6700737461746563
:105C3000210000006D73672D3E6D73672E772E6C0B
:105C4000656E20213D203000696E76616C696420AC
:105C50006E6574636F6E6E5F74797065000000002E
:105C6000705C0108745C01086C5C010800000000B5
:105C70000000000000000000000000000C00000018
:105C8000690000000B0000007600000077000000B3
:105C9000160000000B0000007000000078000000FB
:105CA0007F00000080000000FFFFFFFF7100000088
:105CB00068000000800000000500000024010000D2
:105CC00060000000286E756C6C2900000000000068
:105CD00001E10008D9E0000889E00008A5E000081B
:105CE000C1E0000810000240080002400008024025
:105CF00000000B0028000240080002400408024097
:105D000006010C0040000240080002400808024062
:105D100010020D0058000240080002400C0802402A
:105D200016030E00700002400C00024010080240F2
:105D300000040F00880002400C00024014080240DA
:105D400006051000A00002400C00024018080240A6
:105D500010061100B80002400C0002401C0802406E
:105D600016072F00100402400804024020080240D9
:105D700000083800280402400804024024080240B9
:105D80000609390040040240080402402808024085
:105D9000100A3A0058040240080402402C0802404D
:105DA000160B3B00700402400C0402403008024015
:105DB000000C3C00880402400C04024034080240FD
:105DC000060D4400A00402400C04024038080240C2
:105DD000100E4500B80402400C0402403C0802408A
:105DE000160F4600AA5513370110000000000000EE
:105DF00095EC000881EC0008BDEC0008A9EC000857
:105E0000B5EC0008A1EC00088DEC000879EC000866
:105E1000C9EC0008000000000100000000000000C4
:105E200063300000205E0108000000000000000058
:105E3000F06C0020286F00204172647550696C6F0F
:105E4000740025424F415244252D424C00255345B4
:105E50005249414C250000000200000000000000F3
:105E6000B5EE000825EF000840004000D087002074
:105E7000E087002002000000000000000300000096
:105E8000000000006DEF000800000000100000009E
:105E9000F08700200000000001000000000000006A
:105EA000488B00200101020091FE0008A1FD0008BE
:105EB0003DFE000821FE000843000000C05E01080E
:105EC00009024300020100C032090400000102027D
:105ED0000100052400100105240100010424020230
:105EE0000524060001070582030800FF09040100DC
:105EF000020A0000000705010240000007058102B8
:105F000040000000120000000C5F010812011001A7
:105F10000200004009124157000201020301000083
:105F20000403090425424F415244250030313233E5
:105F30003435363738394142434445460000000085
:105F40000001002000FF01000200000000000030FE
:105F50000000040008000000000000240000080009
:105F6000040000000004000000FC0000020000002B
:105F7000000004300080000008000000000000382D
:105F8000000001000100000000000000C9F000084E
:105F900081F300082DF4000840004000808C0020B0
:105FA000808C002001000000908C00208000000008
:105FB0004001000008000000000100000010000087
:105FC0000800000069646C65000000006D61696E86
:105FD000002C0438040440080C10141C202425262E
:105FE0000000000000006404010004000000000044
:105FF000000C0010283034002880802A00000000A7
:10600000AAAAAAAA00000024FFFF0000B00B00B05B
:1060100000A00A000028800A00000000AAAAAAAA7C
:1060200000000000FFFF00000000900900B0BB006E
:10603000080A000000000000AAAAAAAA00000000A6
:10604000FFFF0000B000BB00000000000A0000508D
:1060500000000000AAAAAAAA00000000FF3F00005A
:106060009900000000000000000000000000000097
:10607000AAAAAAAA00000000FFFF0000000000007A
:10608000000000000000000000000000AAAAAAAA68
:1060900000000000FFFF0000000000000000000002
:1060A0000500000000000000A5AAAAAA0000000048
:1060B000FCFF0000000000000000000000000000E5
:1060C00000000000AAAAAAAA00000000FFFF00002A
:1060D00000000000000000000000000000000000C0
:1060E000AAAAAAAA00000000FFFF0000000000000A
:1060F000000000000000000000000000AAAAAAAAF8
:1061000000000000FFFF0000000000000000000091
:106110000000000000000000AAAAAAAA00000000D7
:10612000FFFF000000000000000000000020202011
:106130002020202020202828282828202020202037
:106140002020202020202020202020202088101007
:106150001010101010101010101010101004040463
:106160000404040404040410101010101010414121
:10617000414141410101010101010101010101010F
:106180000101010101010101101010101010424223
:1061900042424242020202020202020202020202DF
:1061A000020202020202020210101010200000007F
:1061B00000000000000000000000000000000000DF
:1061C00000000000000000000000000000000000CF
:1061D00000000000000000000000000000000000BF
:1061E00000000000000000000000000000000000AF
:1061F000000000000000000000000000000000009F
:10620000000000000000000000000000000000008E
:10621000000000000000000000000000000000007E
:10622000000000000000000000000000000000006E
:10623000842300205245454E54206D616C6C6F6381
:1062400020737563636565646564002F6D6E742FDC
:10625000776F726B73706163652F776F726B73709A
:106260006163652F4743432D31302D706970656C34
:10627000696E652F6A656E6B696E732D4743432D9A
:1062800031302D706970656C696E652D34385F3200
:10629000303230313132345F3136303631383036A9
:1062A00034312F7372632F6E65776C69622F6E6560
:1062B000776C69622F6C6962632F7374646C6962B6
:1062C0002F72616E642E63002C2066756E63746994
:1062D0006F6E3A2000617373657274696F6E20226D
:1062E000257322206661696C65643A2066696C6575
:1062F00020222573222C206C696E6520256425736D
:1063000025730A00232D302B2000686C4C00656635
:1063100067454647000000003031323334353637A8
:1063200038396162636465660000000000000000A7
:10633000000000000000000000000000000000005D
:10634000000000000000000000000000000000004D
:10635000000000000000000000000000000000003D
:10636000000000000000000000000000000000002D
:10637000000000000000000000000000000000001D
:10638000000000000000000000000000000000000D
:10639000350500000000000000001A0000000000A9
:1063A000FE2A0100D2040000183401082334010839
:1063B0002E340108373401083C3401084734010801
:1063C000FF000000000000004C34010883040000BE
:1063D0005734010850040000653401086E190000AC
:1063E00000C00096000000000800960000000008B1
:1063F00004000000205F0108000000000000000011
:10640000000000000000000000000000000000008C
:1064100084230020000000004C6301086C63010825
:106420002C630108000000000000000000000000D4
:10643000000000000000000000000000000000005C
:10644000000000000000000000000000000000004C
:10645000000000000000000000000000000000003C
:10646000000000000000000000000000000000002C
:046470000000000028
:00000001FF
